,name,appid,release_date,english,developer,publisher,platforms,required_age,categories,genres,steamspy_tags,achievements,positive_ratings,negative_ratings,average_playtime,median_playtime,owners,price
6,deusexhumanrevolution,,,,,,,,,,,,,,,,,
21,ageofempiresiihdedition,,,,,,,,,,,,,,,,,
24,arma2operationarrowheadbetaobsolete,,,,,,,,,,,,,,,,,
27,callofdutyblackopsmultiplayer,,,,,,,,,,,,,,,,,
29,callofdutymodernwarfare2multiplayer,,,,,,,,,,,,,,,,,
30,callofdutymodernwarfare3,,,,,,,,,,,,,,,,,
31,callofdutymodernwarfare3multiplayer,,,,,,,,,,,,,,,,,
37,thiefghost,,,,,,,,,,,,,,,,,
38,thiefopportunist,,,,,,,,,,,,,,,,,
39,thiefpredator,,,,,,,,,,,,,,,,,
40,thiefthebankheist,,,,,,,,,,,,,,,,,
41,thief2,,,,,,,,,,,,,,,,,
46,ageofempiresiihdtheforgotten,,,,,,,,,,,,,,,,,
49,audiosurf,,,,,,,,,,,,,,,,,
50,backtothefutureep1itsabouttime,,,,,,,,,,,,,,,,,
51,backtothefutureep2gettannen,,,,,,,,,,,,,,,,,
52,backtothefutureep3citizenbrown,,,,,,,,,,,,,,,,,
53,backtothefutureep4doublevisions,,,,,,,,,,,,,,,,,
54,backtothefutureep5outatime,,,,,,,,,,,,,,,,,
57,deusexhumanrevolutionthemissinglink,,,,,,,,,,,,,,,,,
59,dirt3,,,,,,,,,,,,,,,,,
60,dirt3completeedition,,,,,,,,,,,,,,,,,
61,dirtshowdown,,,,,,,,,,,,,,,,,
64,hectorep1,,,,,,,,,,,,,,,,,
65,hectorep2,,,,,,,,,,,,,,,,,
66,hectorep3,,,,,,,,,,,,,,,,,
67,killerisdead,,,,,,,,,,,,,,,,,
72,operationflashpointredriver,,,,,,,,,,,,,,,,,
76,pokernightattheinventory,,,,,,,,,,,,,,,,,
80,sammax301thepenalzone,,,,,,,,,,,,,,,,,
81,sammax302thetombofsammunmak,,,,,,,,,,,,,,,,,
82,sammax303theystolemaxsbrain,,,,,,,,,,,,,,,,,
83,sammax304beyondthealleyofthedolls,,,,,,,,,,,,,,,,,
84,sammax305thecitythatdaresnotsleep,,,,,,,,,,,,,,,,,
87,serioussamclassicthefirstencounter,,,,,,,,,,,,,,,,,
88,serioussamclassicthesecondencounter,,,,,,,,,,,,,,,,,
93,skyrimhighresolutiontexturepack,,,,,,,,,,,,,,,,,
95,theelderscrollsvskyrimdawnguard,,,,,,,,,,,,,,,,,
96,theelderscrollsvskyrimdragonborn,,,,,,,,,,,,,,,,,
97,theelderscrollsvskyrimhearthfire,,,,,,,,,,,,,,,,,
98,thewalkingdead,,,,,,,,,,,,,,,,,
99,tomclancysghostreconadvancedwarfighter2,,,,,,,,,,,,,,,,,
101,tomclancyssplintercellconviction,,,,,,,,,,,,,,,,,
105,wallacegromitep1frightofthebumblebees,,,,,,,,,,,,,,,,,
106,wallacegromitep2thelastresort,,,,,,,,,,,,,,,,,
107,wallacegromitep3muzzled,,,,,,,,,,,,,,,,,
108,wallacegromitep4thebogeyman,,,,,,,,,,,,,,,,,
111,counterstrikeconditionzerodeletedscenes,,,,,,,,,,,,,,,,,
112,callofdutymodernwarfare2resurgencepack,,,,,,,,,,,,,,,,,
113,callofdutymodernwarfare2stimuluspackage,,,,,,,,,,,,,,,,,
115,insurgencymoderninfantrycombat,,,,,,,,,,,,,,,,,
127,awesomenauts,,,,,,,,,,,,,,,,,
133,bioshockinfiniteseasonpass,,,,,,,,,,,,,,,,,
134,bioshockinfiniteburialatseaepisode1,,,,,,,,,,,,,,,,,
135,bioshockinfiniteburialatseaepisode2,,,,,,,,,,,,,,,,,
136,borderlands,,,,,,,,,,,,,,,,,
139,brtallegend,,,,,,,,,,,,,,,,,
140,bulletstorm,,,,,,,,,,,,,,,,,
141,callofjuarezgunslinger,,,,,,,,,,,,,,,,,
147,companyofheroesnewsteamversion,,,,,,,,,,,,,,,,,
153,darksoulsiiseasonpass,,,,,,,,,,,,,,,,,
154,darksoulsiicrownoftheoldironking,,,,,,,,,,,,,,,,,
156,darksoulspreparetodieedition,,,,,,,,,,,,,,,,,
158,darksiders,,,,,,,,,,,,,,,,,
159,darksidersii,,,,,,,,,,,,,,,,,
160,deadisland,,,,,,,,,,,,,,,,,
162,dearesther,,,,,,,,,,,,,,,,,
164,divinityoriginalsin,,,,,,,,,,,,,,,,,
167,dontstarve,,,,,,,,,,,,,,,,,
168,dontstarvetogetherbeta,,,,,,,,,,,,,,,,,
170,driversanfrancisco,,,,,,,,,,,,,,,,,
178,fallout,,,,,,,,,,,,,,,,,
181,falloutnewvegascouriersstash,,,,,,,,,,,,,,,,,
182,falloutnewvegasdeadmoney,,,,,,,,,,,,,,,,,
183,falloutnewvegashonesthearts,,,,,,,,,,,,,,,,,
194,hitmansniperchallenge,,,,,,,,,,,,,,,,,
198,jazzpunk,,,,,,,,,,,,,,,,,
204,legobatman2,,,,,,,,,,,,,,,,,
217,markoftheninja,,,,,,,,,,,,,,,,,
219,metro2033,,,,,,,,,,,,,,,,,
220,metrolastlight,,,,,,,,,,,,,,,,,
221,mightmagicheroesvi,,,,,,,,,,,,,,,,,
222,monaco,,,,,,,,,,,,,,,,,
223,monkeyisland2specialedition,,,,,,,,,,,,,,,,,
227,nexuizbeta,,,,,,,,,,,,,,,,,
228,nexuizstupidmode,,,,,,,,,,,,,,,,,
239,patchtestingforchivalry,,,,,,,,,,,,,,,,,
244,prototype2radnetaccesspack,,,,,,,,,,,,,,,,,
247,redfactionguerrillasteamedition,,,,,,,,,,,,,,,,,
260,serioussamhdthesecondencounter,,,,,,,,,,,,,,,,,
262,shadowrundragonfall,,,,,,,,,,,,,,,,,
264,shadowrunhongkong,,,,,,,,,,,,,,,,,
268,sidmeierscivilizationvbravenewworld,,,,,,,,,,,,,,,,,
270,sleepingdogs,,,,,,,,,,,,,,,,,
271,sonicallstarsracingtransformed,,,,,,,,,,,,,,,,,
272,sonicgenerations,,,,,,,,,,,,,,,,,
278,starboundunstable,,,,,,,,,,,,,,,,,
279,stateofdecay,,,,,,,,,,,,,,,,,
285,thebannersagamodcontent,,,,,,,,,,,,,,,,,
290,thelordoftheringswarinthenorth,,,,,,,,,,,,,,,,,
295,thewalkingdeadseasontwo,,,,,,,,,,,,,,,,,
298,thewitcher3wildhuntnewfinisheranimations,,,,,,,,,,,,,,,,,
306,transformersfallofcybertron,,,,,,,,,,,,,,,,,
308,trine2,,,,,,,,,,,,,,,,,
311,visceracleanupdetailshadowwarrior,,,,,,,,,,,,,,,,,
315,warhammerendtimesvermintidesigmarsblessing,,,,,,,,,,,,,,,,,
317,wasteland2,,,,,,,,,,,,,,,,,
320,xcomenemywithin,,,,,,,,,,,,,,,,,
323,fallenearth,,,,,,,,,,,,,,,,,
324,magickawizardwars,,,,,,,,,,,,,,,,,
327,ragnarokonline2,,,,,,,,,,,,,,,,,
329,riseofincarnates,,,,,,,,,,,,,,,,,
330,themightyquestforepicloot,,,,,,,,,,,,,,,,,
332,thehunter,,,,,,,,,,,,,,,,,
334,callofdutyblackopsiimultiplayer,,,,,,,,,,,,,,,,,
335,callofdutyblackopsiizombies,,,,,,,,,,,,,,,,,
336,darkesthoureurope4445,,,,,,,,,,,,,,,,,
338,marenostrum,,,,,,,,,,,,,,,,,
342,battlefield2,,,,,,,,,,,,,,,,,
343,bioshock,,,,,,,,,,,,,,,,,
344,bioshock2,,,,,,,,,,,,,,,,,
345,borderlandsdlcclaptrapsnewrobotrevolution,,,,,,,,,,,,,,,,,
346,borderlandsdlcmadmoxxisunderdomeriot,,,,,,,,,,,,,,,,,
347,borderlandsdlcthesecretarmoryofgeneralknoxx,,,,,,,,,,,,,,,,,
348,borderlandsdlcthezombieislandofdrned,,,,,,,,,,,,,,,,,
350,callofdutyadvancedwarfare,,,,,,,,,,,,,,,,,
351,callofdutyadvancedwarfaremultiplayer,,,,,,,,,,,,,,,,,
353,callofdutyghostsmultiplayer,,,,,,,,,,,,,,,,,
354,darkmessiahofmightmagicmultiplayer,,,,,,,,,,,,,,,,,
355,darkmessiahofmightmagicsingleplayer,,,,,,,,,,,,,,,,,
359,eufloria,,,,,,,,,,,,,,,,,
361,eufloriahdoriginalsoundtrack,,,,,,,,,,,,,,,,,
363,freedomforcevsthe3rdreich,,,,,,,,,,,,,,,,,
370,killingfloormoddefencealliance2,,,,,,,,,,,,,,,,,
375,medalofhonorpreorder,,,,,,,,,,,,,,,,,
376,medalofhonortmmultiplayer,,,,,,,,,,,,,,,,,
377,medalofhonortmsingleplayer,,,,,,,,,,,,,,,,,
380,pcgamer,,,,,,,,,,,,,,,,,
381,painkillerblackedition,,,,,,,,,,,,,,,,,
385,railroadtycoon2platinum,,,,,,,,,,,,,,,,,
388,shatteredhorizon,,,,,,,,,,,,,,,,,
391,sidmeierscivilizationivbeyondthesword,,,,,,,,,,,,,,,,,
393,sidmeierscivilizationivwarlords,,,,,,,,,,,,,,,,,
396,sniperelitev2,,,,,,,,,,,,,,,,,
398,stronghold2,,,,,,,,,,,,,,,,,
399,strongholdcrusaderextremehd,,,,,,,,,,,,,,,,,
402,strongholdlegends,,,,,,,,,,,,,,,,,
403,synergy,,,,,,,,,,,,,,,,,
406,unrealiitheawakening,,,,,,,,,,,,,,,,,
407,unrealtournament2004,,,,,,,,,,,,,,,,,
408,unrealtournament3blackedition,,,,,,,,,,,,,,,,,
415,zombiedriver,,,,,,,,,,,,,,,,,
418,footballmanager2009,,,,,,,,,,,,,,,,,
419,batmanarkhamasylumgotyedition,,,,,,,,,,,,,,,,,
420,batmanarkhamcitygoty,,,,,,,,,,,,,,,,,
423,ares,,,,,,,,,,,,,,,,,
425,ageofchivalry,,,,,,,,,,,,,,,,,
433,assassinscreedii,,,,,,,,,,,,,,,,,
434,assassinscreediii,,,,,,,,,,,,,,,,,
440,batmanarkhamcity,,,,,,,,,,,,,,,,,
442,bentheredanthat,,,,,,,,,,,,,,,,,
443,blocksthatmatter,,,,,,,,,,,,,,,,,
449,cogs,,,,,,,,,,,,,,,,,
450,commandandconquerredalert3uprising,,,,,,,,,,,,,,,,,
456,crysiswars,,,,,,,,,,,,,,,,,
458,doomiihellonearth,,,,,,,,,,,,,,,,,
460,deadlightoriginalsoundtrack,,,,,,,,,,,,,,,,,
463,defensegrid2,,,,,,,,,,,,,,,,,
464,defensegridresurgencemappack1,,,,,,,,,,,,,,,,,
465,defensegridresurgencemappack2,,,,,,,,,,,,,,,,,
466,defensegridresurgencemappack3,,,,,,,,,,,,,,,,,
467,defensegridresurgencemappack4,,,,,,,,,,,,,,,,,
472,dungeonland,,,,,,,,,,,,,,,,,
473,dungeonlandallaccesspass,,,,,,,,,,,,,,,,,
478,empiretotalwar,,,,,,,,,,,,,,,,,
479,europauniversalisiii,,,,,,,,,,,,,,,,,
482,farcry2,,,,,,,,,,,,,,,,,
483,farcry2fortunespack,,,,,,,,,,,,,,,,,
489,galconfusion,,,,,,,,,,,,,,,,,
500,hardreset,,,,,,,,,,,,,,,,,
501,hardresetexiledlc,,,,,,,,,,,,,,,,,
505,irongripwarlord,,,,,,,,,,,,,,,,,
509,leviathanwarships,,,,,,,,,,,,,,,,,
511,magickanippon,,,,,,,,,,,,,,,,,
512,magickavietnam,,,,,,,,,,,,,,,,,
513,magickawizardssurvivalkit,,,,,,,,,,,,,,,,,
516,medievaliitotalwar,,,,,,,,,,,,,,,,,
518,midnightclubii,,,,,,,,,,,,,,,,,
522,napoleontotalwar,,,,,,,,,,,,,,,,,
526,ontherainslickprecipiceofdarknessepisodeone,,,,,,,,,,,,,,,,,
527,ontherainslickprecipiceofdarknessepisodetwo,,,,,,,,,,,,,,,,,
533,portalstoriesmel,,,,,,,,,,,,,,,,,
538,psychonautsdemo,,,,,,,,,,,,,,,,,
541,redorchestra2heroesofstalingradsingleplayer,,,,,,,,,,,,,,,,,
545,risingstormredorchestra2multiplayer,,,,,,,,,,,,,,,,,
547,rochard,,,,,,,,,,,,,,,,,
549,rometotalwar,,,,,,,,,,,,,,,,,
553,saira,,,,,,,,,,,,,,,,,
559,simcity4deluxe,,,,,,,,,,,,,,,,,
560,sinemora,,,,,,,,,,,,,,,,,
570,supermeatboy,,,,,,,,,,,,,,,,,
571,supermondaynightcombat,,,,,,,,,,,,,,,,,
582,theincredibleadventuresofvanhelsingthaumaturge,,,,,,,,,,,,,,,,,
584,theship,,,,,,,,,,,,,,,,,
585,theshipsingleplayer,,,,,,,,,,,,,,,,,
586,theshiptutorial,,,,,,,,,,,,,,,,,
587,theshowdowneffect,,,,,,,,,,,,,,,,,
590,timegentlemenplease,,,,,,,,,,,,,,,,,
591,titanquest,,,,,,,,,,,,,,,,,
592,titanquestimmortalthrone,,,,,,,,,,,,,,,,,
593,totalwarshogun2,,,,,,,,,,,,,,,,,
595,trine,,,,,,,,,,,,,,,,,
596,tropico3steamspecialedition,,,,,,,,,,,,,,,,,
602,waroftheroses,,,,,,,,,,,,,,,,,
603,waroftherosesbalancebeta,,,,,,,,,,,,,,,,,
604,waroftheroseskingmaker,,,,,,,,,,,,,,,,,
607,warlockmasterofthearcanepowerfullords,,,,,,,,,,,,,,,,,
617,dizzel,,,,,,,,,,,,,,,,,
619,loadout,,,,,,,,,,,,,,,,,
623,warincbattlezone,,,,,,,,,,,,,,,,,
630,brokensword1shadowofthetemplarsdirectorscut,,,,,,,,,,,,,,,,,
639,guardiansofmiddleearth,,,,,,,,,,,,,,,,,
648,magic2014,,,,,,,,,,,,,,,,,
649,magic2015,,,,,,,,,,,,,,,,,
657,mortalkombatkollection,,,,,,,,,,,,,,,,,
658,mortalkombatkompleteedition,,,,,,,,,,,,,,,,,
659,oriandtheblindforest,,,,,,,,,,,,,,,,,
660,pinballfx2,,,,,,,,,,,,,,,,,
661,pixelpiracy,,,,,,,,,,,,,,,,,
662,raymanlegends,,,,,,,,,,,,,,,,,
663,rocksmith2014,,,,,,,,,,,,,,,,,
671,spintires,,,,,,,,,,,,,,,,,
672,stealthinc2,,,,,,,,,,,,,,,,,
673,teslaeffect,,,,,,,,,,,,,,,,,
677,tickettorideeurope,,,,,,,,,,,,,,,,,
678,tickettorideusa1910,,,,,,,,,,,,,,,,,
684,3dmark,,,,,,,,,,,,,,,,,
685,3dmarkapioverheadfeaturetest,,,,,,,,,,,,,,,,,
686,3dmarkcloudgatebenchmark,,,,,,,,,,,,,,,,,
687,3dmarkfirestrikebenchmark,,,,,,,,,,,,,,,,,
688,3dmarkicestormbenchmark,,,,,,,,,,,,,,,,,
689,3dmarkskydiverbenchmark,,,,,,,,,,,,,,,,,
691,arma3zeus,,,,,,,,,,,,,,,,,
692,badrats,,,,,,,,,,,,,,,,,
693,battlefieldbadcompany2vietnam,,,,,,,,,,,,,,,,,
694,coh2thewesternfrontarmiesoberkommandowest,,,,,,,,,,,,,,,,,
695,coh2thewesternfrontarmiesusforces,,,,,,,,,,,,,,,,,
698,planetaryannihilation,,,,,,,,,,,,,,,,,
700,plantsvszombiesgameoftheyear,,,,,,,,,,,,,,,,,
702,starwarsbattlefrontii,,,,,,,,,,,,,,,,,
706,worldinconflict,,,,,,,,,,,,,,,,,
707,worldinconflictsovietassault,,,,,,,,,,,,,,,,,
712,heroacademy,,,,,,,,,,,,,,,,,
714,nosgoth,,,,,,,,,,,,,,,,,
723,doom3resurrectionofevil,,,,,,,,,,,,,,,,,
724,dontstarvereignofgiants,,,,,,,,,,,,,,,,,
725,droplitz,,,,,,,,,,,,,,,,,
726,dukenukem3dmegatonedition,,,,,,,,,,,,,,,,,
728,fearextractionpoint,,,,,,,,,,,,,,,,,
729,fearperseusmandate,,,,,,,,,,,,,,,,,
733,grid,,,,,,,,,,,,,,,,,
734,ghostbustersthevideogame,,,,,,,,,,,,,,,,,
741,insaniquariumdeluxe,,,,,,,,,,,,,,,,,
745,nextcargamesneakpeek20,,,,,,,,,,,,,,,,,
746,nextcargamewreckfest,,,,,,,,,,,,,,,,,
749,pokernight2,,,,,,,,,,,,,,,,,
754,redfactionarmageddonsoundtrack,,,,,,,,,,,,,,,,,
759,segagenesismegadriveclassics,,,,,,,,,,,,,,,,,
762,spelunky,,,,,,,,,,,,,,,,,
772,theultimatedoom,,,,,,,,,,,,,,,,,
775,zombiesmonstersrobots,,,,,,,,,,,,,,,,,
776,deadislandepidemic,,,,,,,,,,,,,,,,,
778,hawken,,,,,,,,,,,,,,,,,
779,marvelheroes2015,,,,,,,,,,,,,,,,,
781,sin,,,,,,,,,,,,,,,,,
783,sinmultiplayer,,,,,,,,,,,,,,,,,
794,blacklightretribution,,,,,,,,,,,,,,,,,
801,h1z1,,,,,,,,,,,,,,,,,
802,h1z1testserver,,,,,,,,,,,,,,,,,
807,tera,,,,,,,,,,,,,,,,,
808,thewitcherenhancededition,,,,,,,,,,,,,,,,,
811,arma2britisharmedforces,,,,,,,,,,,,,,,,,
812,arma2dayzmod,,,,,,,,,,,,,,,,,
813,arma2privatemilitarycompany,,,,,,,,,,,,,,,,,
814,arma3helicopters,,,,,,,,,,,,,,,,,
815,arma3karts,,,,,,,,,,,,,,,,,
816,arma3marksmen,,,,,,,,,,,,,,,,,
823,codenamegordon,,,,,,,,,,,,,,,,,
825,fallout2,,,,,,,,,,,,,,,,,
826,fallouttactics,,,,,,,,,,,,,,,,,
828,dungeonsiegeiii,,,,,,,,,,,,,,,,,
831,aion,,,,,,,,,,,,,,,,,
832,dcsworld,,,,,,,,,,,,,,,,,
834,il2sturmovikcliffsofdover,,,,,,,,,,,,,,,,,
835,neotokyo,,,,,,,,,,,,,,,,,
840,tomclancysghostreconphantomsna,,,,,,,,,,,,,,,,,
847,godus,,,,,,,,,,,,,,,,,
855,borderlands2headhunter1bloodyharvest,,,,,,,,,,,,,,,,,
856,borderlands2headhunter2wattlegobbler,,,,,,,,,,,,,,,,,
857,borderlands2headhunter3mercenaryday,,,,,,,,,,,,,,,,,
858,borderlands2headhunter4weddingdaymassacre,,,,,,,,,,,,,,,,,
860,deadislandriptide,,,,,,,,,,,,,,,,,
863,batmanarkhamasylum,,,,,,,,,,,,,,,,,
865,batmanarkhamoriginsonlinesupplydrop1,,,,,,,,,,,,,,,,,
866,batmanarkhamoriginsinfiniteearthsskinspack,,,,,,,,,,,,,,,,,
867,batmanarkhamoriginsinitiation,,,,,,,,,,,,,,,,,
868,batmanarkhamoriginsnewmillenniumskinspack,,,,,,,,,,,,,,,,,
869,batmanarkhamoriginsonlinesupplydrop2,,,,,,,,,,,,,,,,,
874,crysis2,,,,,,,,,,,,,,,,,
875,dirt2,,,,,,,,,,,,,,,,,
879,eurotrucksimulator2goingeast,,,,,,,,,,,,,,,,,
880,eurotrucksimulator2icecoldpaintjobspack,,,,,,,,,,,,,,,,,
881,f12010,,,,,,,,,,,,,,,,,
883,gtpowerexpansion,,,,,,,,,,,,,,,,,
884,gtrevolution,,,,,,,,,,,,,,,,,
890,kanelynchdeadmen,,,,,,,,,,,,,,,,,
894,race07formularaceroomaddon,,,,,,,,,,,,,,,,,
895,raceon,,,,,,,,,,,,,,,,,
901,legothelordoftherings,,,,,,,,,,,,,,,,,
902,eternalsilence,,,,,,,,,,,,,,,,,
903,firefall,,,,,,,,,,,,,,,,,
904,halflife2update,,,,,,,,,,,,,,,,,
906,ageofconanunchainedeuversion,,,,,,,,,,,,,,,,,
908,fearonline,,,,,,,,,,,,,,,,,
909,sinsofadarkage,,,,,,,,,,,,,,,,,
911,tomclancysghostreconphantomseu,,,,,,,,,,,,,,,,,
913,farmingsimulator2013,,,,,,,,,,,,,,,,,
917,stronghold3,,,,,,,,,,,,,,,,,
922,divinesouls,,,,,,,,,,,,,,,,,
923,evgaprecisionx16,,,,,,,,,,,,,,,,,
924,finalfantasyxivarealmreborn,,,,,,,,,,,,,,,,,
927,maxpayne3seasonpass,,,,,,,,,,,,,,,,,
929,solforge,,,,,,,,,,,,,,,,,
932,borderlands2ru,,,,,,,,,,,,,,,,,
933,citiesxl2012,,,,,,,,,,,,,,,,,
939,starwarsempireatwargold,,,,,,,,,,,,,,,,,
940,supremecommander2infinitewarbattlepackone,,,,,,,,,,,,,,,,,
942,trainsimulator,,,,,,,,,,,,,,,,,
945,aceofspades,,,,,,,,,,,,,,,,,
947,echoofsoul,,,,,,,,,,,,,,,,,
950,godmode,,,,,,,,,,,,,,,,,
955,theelderscrollsiiimorrowind,,,,,,,,,,,,,,,,,
956,warhammer40000dawnofwariiretribution,,,,,,,,,,,,,,,,,
966,chantelise,,,,,,,,,,,,,,,,,
967,commanderkeencompletepack,,,,,,,,,,,,,,,,,
970,dungeonssteamspecialedition,,,,,,,,,,,,,,,,,
971,defendersquestvalleyoftheforgotten,,,,,,,,,,,,,,,,,
973,gauntlet,,,,,,,,,,,,,,,,,
974,globalagenda,,,,,,,,,,,,,,,,,
978,knightsofpenandpaper1,,,,,,,,,,,,,,,,,
983,mercenarykings,,,,,,,,,,,,,,,,,
984,middleearthshadowofmordor,,,,,,,,,,,,,,,,,
990,notgtav,,,,,,,,,,,,,,,,,
993,pressure,,,,,,,,,,,,,,,,,
997,rollercoastertycoon3platinum,,,,,,,,,,,,,,,,,
1001,skullgirlsendlessbeta,,,,,,,,,,,,,,,,,
1002,southparkthestickoftruthsupersamuraispacemanpack,,,,,,,,,,,,,,,,,
1003,southparkthestickoftruthultimatefellowshippack,,,,,,,,,,,,,,,,,
1008,thehatmanshadowward,,,,,,,,,,,,,,,,,
1012,uncrowded,,,,,,,,,,,,,,,,,
1019,alienscolonialmarines,,,,,,,,,,,,,,,,,
1021,universeatwarearthassault,,,,,,,,,,,,,,,,,
1024,thelastremnant,,,,,,,,,,,,,,,,,
1025,alicemadnessreturns,,,,,,,,,,,,,,,,,
1026,assassinscreed,,,,,,,,,,,,,,,,,
1029,carmechanicsimulator2015youngtimer,,,,,,,,,,,,,,,,,
1031,commandandconquer3kaneswrath,,,,,,,,,,,,,,,,,
1032,commandandconquer3tiberiumwars,,,,,,,,,,,,,,,,,
1033,commandandconquer4tiberiantwilight,,,,,,,,,,,,,,,,,
1034,commandandconquerredalert3,,,,,,,,,,,,,,,,,
1035,defensegrid2amatterofendurance,,,,,,,,,,,,,,,,,
1044,forge,,,,,,,,,,,,,,,,,
1049,kingarthurcollection,,,,,,,,,,,,,,,,,
1051,legostarwarssaga,,,,,,,,,,,,,,,,,
1059,penumbrablackplague,,,,,,,,,,,,,,,,,
1060,penumbrarequiem,,,,,,,,,,,,,,,,,
1063,qube,,,,,,,,,,,,,,,,,
1065,stccthegame,,,,,,,,,,,,,,,,,
1068,spellforce2goldedition,,,,,,,,,,,,,,,,,
1072,talesofmonkeyislandchapter1launchofthescreamingnarwhal,,,,,,,,,,,,,,,,,
1073,talesofmonkeyislandchapter2thesiegeofspinnercay,,,,,,,,,,,,,,,,,
1074,talesofmonkeyislandchapter3lairoftheleviathan,,,,,,,,,,,,,,,,,
1075,talesofmonkeyislandchapter4thetrialandexecutionofguybrushthreepwood,,,,,,,,,,,,,,,,,
1076,talesofmonkeyislandchapter5riseofthepirategod,,,,,,,,,,,,,,,,,
1078,transformerswarforcybertron,,,,,,,,,,,,,,,,,
1080,valkyriachronicleschallengeoftheedydetachment,,,,,,,,,,,,,,,,,
1081,valkyriachroniclesedysmissionentertheedydetachment,,,,,,,,,,,,,,,,,
1082,valkyriachronicleshardexmode,,,,,,,,,,,,,,,,,
1083,valkyriachroniclesselveriasmissionbehindherblueflame,,,,,,,,,,,,,,,,,
1084,youneedabudget4ynab,,,,,,,,,,,,,,,,,
1085,crowhuntertrapperclass,,,,,,,,,,,,,,,,,
1086,evolve,,,,,,,,,,,,,,,,,
1088,ruse,,,,,,,,,,,,,,,,,
1093,amongthesleep,,,,,,,,,,,,,,,,,
1094,companyofheroes2ardennesassault,,,,,,,,,,,,,,,,,
1097,fracturedspace,,,,,,,,,,,,,,,,,
1099,gameofthronesatelltalegamesseries,,,,,,,,,,,,,,,,,
1101,outlastwhistleblowerdlc,,,,,,,,,,,,,,,,,
1105,sinsofasolarempirerebellionstellarphenomenadlc,,,,,,,,,,,,,,,,,
1106,sinsofasolarempirerebellionforbiddenworlds,,,,,,,,,,,,,,,,,
1107,stateofdecaybreakdown,,,,,,,,,,,,,,,,,
1108,stateofdecaylifeline,,,,,,,,,,,,,,,,,
1109,theelderscrollsivoblivion,,,,,,,,,,,,,,,,,
1110,totalwarshogun2fallofthesamurai,,,,,,,,,,,,,,,,,
1113,estrangedacti,,,,,,,,,,,,,,,,,
1119,darksidersiisoundtrack,,,,,,,,,,,,,,,,,
1120,darksiderssoundtrack,,,,,,,,,,,,,,,,,
1121,dungeondefenderseternity,,,,,,,,,,,,,,,,,
1127,startopia,,,,,,,,,,,,,,,,,
1132,f12013,,,,,,,,,,,,,,,,,
1135,gamemakerstudio,,,,,,,,,,,,,,,,,
1139,kingdomwars,,,,,,,,,,,,,,,,,
1141,markoftheninjaspecialeditiondlc,,,,,,,,,,,,,,,,,
1142,mountbladewithfireandsword,,,,,,,,,,,,,,,,,
1143,nba2k13,,,,,,,,,,,,,,,,,
1157,footballmanager2013,,,,,,,,,,,,,,,,,
1158,footballmanager2014,,,,,,,,,,,,,,,,,
1159,footballmanager2015,,,,,,,,,,,,,,,,,
1160,footballmanager2016,,,,,,,,,,,,,,,,,
1161,sidmeierscivilizationvscrambledcontinentsmappack,,,,,,,,,,,,,,,,,
1168,kungfury,,,,,,,,,,,,,,,,,
1171,thinkingwithtimemachine,,,,,,,,,,,,,,,,,
1174,crusaderkingsiisonsofabraham,,,,,,,,,,,,,,,,,
1175,dawnofdiscovery,,,,,,,,,,,,,,,,,
1177,disciplesiiirenaissance,,,,,,,,,,,,,,,,,
1179,endlessspace,,,,,,,,,,,,,,,,,
1180,europauniversalisivamericandreamdlc,,,,,,,,,,,,,,,,,
1181,europauniversalisivconquestofparadise,,,,,,,,,,,,,,,,,
1182,europauniversalisivconquistadorsunitpack,,,,,,,,,,,,,,,,,
1190,mountbladewarbandnapoleonicwars,,,,,,,,,,,,,,,,,
1191,mountbladewarbandvikingconquestreforgededition,,,,,,,,,,,,,,,,,
1192,nba2k14,,,,,,,,,,,,,,,,,
1193,nba2k15,,,,,,,,,,,,,,,,,
1194,nba2k16,,,,,,,,,,,,,,,,,
1195,nether,,,,,,,,,,,,,,,,,
1196,proevolutionsoccer2015,,,,,,,,,,,,,,,,,
1199,skyrimscriptextenderskse,,,,,,,,,,,,,,,,,
1206,thesettlers7pathstoakingdomgoldedition,,,,,,,,,,,,,,,,,
1210,x3albionprelude,,,,,,,,,,,,,,,,,
1213,speedball2tournament,,,,,,,,,,,,,,,,,
1216,avaallianceofvaliantarms,,,,,,,,,,,,,,,,,
1219,borderlands2headhunter5sonofcrawmerax,,,,,,,,,,,,,,,,,
1222,crossfireeurope,,,,,,,,,,,,,,,,,
1224,dishonoredru,,,,,,,,,,,,,,,,,
1226,eets,,,,,,,,,,,,,,,,,
1228,fuel,,,,,,,,,,,,,,,,,
1229,hazardops,,,,,,,,,,,,,,,,,
1233,magickafinalfrontier,,,,,,,,,,,,,,,,,
1234,magickafrozenlake,,,,,,,,,,,,,,,,,
1235,magickaholidayspirititempack,,,,,,,,,,,,,,,,,
1236,magickapartyrobes,,,,,,,,,,,,,,,,,
1237,magickathewatchtower,,,,,,,,,,,,,,,,,
1238,nikopolsecretsoftheimmortals,,,,,,,,,,,,,,,,,
1244,thepolynomial,,,,,,,,,,,,,,,,,
1245,thesecretworld,,,,,,,,,,,,,,,,,
1249,trackmaniaunited,,,,,,,,,,,,,,,,,
1253,callofcthulhudarkcornersoftheearth,,,,,,,,,,,,,,,,,
1255,devilian,,,,,,,,,,,,,,,,,
1257,dungeonsiege2,,,,,,,,,,,,,,,,,
1258,freetoplay,,,,,,,,,,,,,,,,,
1260,starforge,,,,,,,,,,,,,,,,,
1261,thechroniclesofriddickassaultondarkathena,,,,,,,,,,,,,,,,,
1263,thevanishingofethancarterredux,,,,,,,,,,,,,,,,,
1264,totalwarbattlesshogun,,,,,,,,,,,,,,,,,
1268,dragonnest,,,,,,,,,,,,,,,,,
1270,quake4,,,,,,,,,,,,,,,,,
1273,afterfallinsanityextendededition,,,,,,,,,,,,,,,,,
1274,airbuccaneers,,,,,,,,,,,,,,,,,
1278,blur,,,,,,,,,,,,,,,,,
1280,crashtimeii,,,,,,,,,,,,,,,,,
1287,dustforce,,,,,,,,,,,,,,,,,
1288,forced,,,,,,,,,,,,,,,,,
1289,gravilon,,,,,,,,,,,,,,,,,
1293,jurassicparkthegame,,,,,,,,,,,,,,,,,
1303,stormfrontlinenation,,,,,,,,,,,,,,,,,
1304,sammax101cultureshock,,,,,,,,,,,,,,,,,
1305,sammax102situationcomedy,,,,,,,,,,,,,,,,,
1306,sammax103themolethemobandthemeatball,,,,,,,,,,,,,,,,,
1307,sammax104abelincolnmustdie,,,,,,,,,,,,,,,,,
1308,sammax105reality20,,,,,,,,,,,,,,,,,
1309,sammax106brightsideofthemoon,,,,,,,,,,,,,,,,,
1317,thenovelist,,,,,,,,,,,,,,,,,
1320,tombraiderchronicles,,,,,,,,,,,,,,,,,
1323,tombraideriiiadventuresoflaracroft,,,,,,,,,,,,,,,,,
1324,tombraiderthelastrevelation,,,,,,,,,,,,,,,,,
1334,acearenacyberevolution,,,,,,,,,,,,,,,,,
1336,anachronox,,,,,,,,,,,,,,,,,
1338,avencast,,,,,,,,,,,,,,,,,
1343,bloodofold,,,,,,,,,,,,,,,,,
1344,bloodrealmbattlegrounds,,,,,,,,,,,,,,,,,
1351,commanderconquestoftheamericasgold,,,,,,,,,,,,,,,,,
1356,dipripwarmup,,,,,,,,,,,,,,,,,
1357,daikatana,,,,,,,,,,,,,,,,,
1361,dragonageoriginscharactercreator,,,,,,,,,,,,,,,,,
1363,earth2150lostsouls,,,,,,,,,,,,,,,,,
1364,earth2150themoonproject,,,,,,,,,,,,,,,,,
1365,eastindiacompanygold,,,,,,,,,,,,,,,,,
1370,frozenhearth,,,,,,,,,,,,,,,,,
1374,gorky17,,,,,,,,,,,,,,,,,
1375,grimm,,,,,,,,,,,,,,,,,
1376,guildwars,,,,,,,,,,,,,,,,,
1377,gunmonkeys,,,,,,,,,,,,,,,,,
1390,magicthegatheringduelsoftheplaneswalkers,,,,,,,,,,,,,,,,,
1396,mightmagicduelofchampions,,,,,,,,,,,,,,,,,
1400,outland,,,,,,,,,,,,,,,,,
1405,piratesofblackcovegold,,,,,,,,,,,,,,,,,
1408,portal2sixenseperceptualpack,,,,,,,,,,,,,,,,,
1411,radicalroachdeluxeedition,,,,,,,,,,,,,,,,,
1413,ravagedzombieapocalypse,,,,,,,,,,,,,,,,,
1425,smashball,,,,,,,,,,,,,,,,,
1426,sniperelitenazizombiearmy2,,,,,,,,,,,,,,,,,
1427,sonicadventuredx,,,,,,,,,,,,,,,,,
1429,spacehack,,,,,,,,,,,,,,,,,
1430,steelsteamepisode1,,,,,,,,,,,,,,,,,
1432,superfroghd,,,,,,,,,,,,,,,,,
1443,twoworldsii,,,,,,,,,,,,,,,,,
1451,windofluckarena,,,,,,,,,,,,,,,,,
1456,darkspore,,,,,,,,,,,,,,,,,
1460,grid2gtrracingpack,,,,,,,,,,,,,,,,,
1463,123kickitdropthatbeatlikeanuglybaby,,,,,,,,,,,,,,,,,
1466,dawnofdiscoveryvenice,,,,,,,,,,,,,,,,,
1473,quakeiigroundzero,,,,,,,,,,,,,,,,,
1474,quakeiithereckoning,,,,,,,,,,,,,,,,,
1481,killingflooruncovered,,,,,,,,,,,,,,,,,
1482,lifeisstrange,,,,,,,,,,,,,,,,,
1484,shovelknight,,,,,,,,,,,,,,,,,
1490,divinitydragoncommanderbeta,,,,,,,,,,,,,,,,,
1495,gothamcityimpostors,,,,,,,,,,,,,,,,,
1497,anotherworld,,,,,,,,,,,,,,,,,
1503,wolfensteinthenewordergermanedition,,,,,,,,,,,,,,,,,
1504,thesimstm3,,,,,,,,,,,,,,,,,
1512,legendofdungeon,,,,,,,,,,,,,,,,,
1516,netherarena,,,,,,,,,,,,,,,,,
1517,paydaywolfpack,,,,,,,,,,,,,,,,,
1523,thewitcher3wildhuntexpansionpass,,,,,,,,,,,,,,,,,
1526,helldivers,,,,,,,,,,,,,,,,,
1532,puzzlequest,,,,,,,,,,,,,,,,,
1537,citiesxl2011,,,,,,,,,,,,,,,,,
1540,minimum,,,,,,,,,,,,,,,,,
1541,offworldtradingcompany,,,,,,,,,,,,,,,,,
1542,sidmeierscivilizationbeyondearthrisingtide,,,,,,,,,,,,,,,,,
1549,dungeonsdragonsdaggerdale,,,,,,,,,,,,,,,,,
1550,everquestfreetoplay,,,,,,,,,,,,,,,,,
1552,startrekdac,,,,,,,,,,,,,,,,,
1554,victorycommand,,,,,,,,,,,,,,,,,
1556,loadoutcampaignbeta,,,,,,,,,,,,,,,,,
1566,castlecrashersblacksmithpack,,,,,,,,,,,,,,,,,
1567,hellyeah,,,,,,,,,,,,,,,,,
1570,footballmanager2010,,,,,,,,,,,,,,,,,
1571,footballmanager2011,,,,,,,,,,,,,,,,,
1572,footballmanager2012,,,,,,,,,,,,,,,,,
1576,dungeonsthedarklordsteamspecialedition,,,,,,,,,,,,,,,,,
1582,anno1404,,,,,,,,,,,,,,,,,
1583,blender276b,,,,,,,,,,,,,,,,,
1584,fableiii,,,,,,,,,,,,,,,,,
1585,fuse,,,,,,,,,,,,,,,,,
1591,axisgamefactorysagfpro30,,,,,,,,,,,,,,,,,
1596,deadpool,,,,,,,,,,,,,,,,,
1597,dismalswampdlc,,,,,,,,,,,,,,,,,
1600,hyperdimensionneptuniarebirth1,,,,,,,,,,,,,,,,,
1601,limitededition,,,,,,,,,,,,,,,,,
1602,metalgearsolidlegacy,,,,,,,,,,,,,,,,,
1604,rpgmakerroyaltilesresourcepack,,,,,,,,,,,,,,,,,
1605,rpgmakertylerwarrenfirst50battlerpack,,,,,,,,,,,,,,,,,
1608,savantascent,,,,,,,,,,,,,,,,,
1614,marchofwar,,,,,,,,,,,,,,,,,
1617,aerena,,,,,,,,,,,,,,,,,
1618,beforetheecho,,,,,,,,,,,,,,,,,
1620,footballmanager2016demo,,,,,,,,,,,,,,,,,
1622,gemsofwar,,,,,,,,,,,,,,,,,
1623,heroesofsoulcraft,,,,,,,,,,,,,,,,,
1624,acecombatassaulthorizonenhancededition,,,,,,,,,,,,,,,,,
1625,cakewalkloopmanager,,,,,,,,,,,,,,,,,
1628,hauntedmemories,,,,,,,,,,,,,,,,,
1635,testdriveunlimited2,,,,,,,,,,,,,,,,,
1636,theelderscrollsonlinetamrielunlimited,,,,,,,,,,,,,,,,,
1638,tonyhawksproskaterhd,,,,,,,,,,,,,,,,,
1639,tropico3absolutepower,,,,,,,,,,,,,,,,,
1643,thestompingland,,,,,,,,,,,,,,,,,
1650,steammarines,,,,,,,,,,,,,,,,,
1654,faceofmankind,,,,,,,,,,,,,,,,,
1656,evolvebehemoth,,,,,,,,,,,,,,,,,
1661,aftermath,,,,,,,,,,,,,,,,,
1662,airmech,,,,,,,,,,,,,,,,,
1665,backtodinosaurisland,,,,,,,,,,,,,,,,,
1666,battlenations,,,,,,,,,,,,,,,,,
1669,dethroned,,,,,,,,,,,,,,,,,
1671,evolutionrts,,,,,,,,,,,,,,,,,
1672,infinitecrisis,,,,,,,,,,,,,,,,,
1673,mechwarrioronline,,,,,,,,,,,,,,,,,
1674,tacticalintervention,,,,,,,,,,,,,,,,,
1680,beyondgoodevil,,,,,,,,,,,,,,,,,
1681,bloodomen2legacyofkain,,,,,,,,,,,,,,,,,
1684,gothic,,,,,,,,,,,,,,,,,
1694,neverwinternights2platinum,,,,,,,,,,,,,,,,,
1704,thebookofunwrittentalesextras,,,,,,,,,,,,,,,,,
1705,twoworlds2piratesoftheflyingfortress,,,,,,,,,,,,,,,,,
1706,colinmcraerally,,,,,,,,,,,,,,,,,
1709,narutoshippudenultimateninjastorm3fullburst,,,,,,,,,,,,,,,,,
1713,arma2free,,,,,,,,,,,,,,,,,
1714,happywars,,,,,,,,,,,,,,,,,
1715,jaggedallianceonlinesteamedition,,,,,,,,,,,,,,,,,
1720,gumboycrazyfeatures,,,,,,,,,,,,,,,,,
1726,legothehobbit,,,,,,,,,,,,,,,,,
1728,legoharrypotter,,,,,,,,,,,,,,,,,
1733,shootmanyrobots,,,,,,,,,,,,,,,,,
1736,syberia2,,,,,,,,,,,,,,,,,
1741,mortalkombatlegacyep3johnnycage,,,,,,,,,,,,,,,,,
1742,mortalkombatlegacyep6raiden,,,,,,,,,,,,,,,,,
1743,mortalkombatlegacyep9cyraxsektor,,,,,,,,,,,,,,,,,
1744,arcticcombat,,,,,,,,,,,,,,,,,
1747,metroconflict,,,,,,,,,,,,,,,,,
1762,portal2thefinalhours,,,,,,,,,,,,,,,,,
1763,soniccd,,,,,,,,,,,,,,,,,
1768,galconlegends,,,,,,,,,,,,,,,,,
1771,thelegendofkorra,,,,,,,,,,,,,,,,,
1772,c9,,,,,,,,,,,,,,,,,
1773,easyanticheatesports,,,,,,,,,,,,,,,,,
1775,infestationsurvivorstories,,,,,,,,,,,,,,,,,
1782,echoes,,,,,,,,,,,,,,,,,
1788,runandfire,,,,,,,,,,,,,,,,,
1789,uberstrike,,,,,,,,,,,,,,,,,
1790,xam,,,,,,,,,,,,,,,,,
1793,survivalpostapocalypsenow,,,,,,,,,,,,,,,,,
1797,majesty2collection,,,,,,,,,,,,,,,,,
1798,skillspecialforce2,,,,,,,,,,,,,,,,,
1800,latale,,,,,,,,,,,,,,,,,
1801,ascendhandofkul,,,,,,,,,,,,,,,,,
1802,atlanticaonline,,,,,,,,,,,,,,,,,
1804,sparkle2evo,,,,,,,,,,,,,,,,,
1809,construct2free,,,,,,,,,,,,,,,,,
1811,deadbreed,,,,,,,,,,,,,,,,,
1815,howtosurvivethirdperson,,,,,,,,,,,,,,,,,
1820,sniperghostwarrior2multiplayerexpansionpack,,,,,,,,,,,,,,,,,
1823,tomclancyshawx2,,,,,,,,,,,,,,,,,
1828,castlecrasherspinkknightpack,,,,,,,,,,,,,,,,,
1830,chaosheroesonline,,,,,,,,,,,,,,,,,
1835,schoolofdragonshowtotrainyourdragon,,,,,,,,,,,,,,,,,
1838,crusaderkingsiimilitaryordersunitpack,,,,,,,,,,,,,,,,,
1844,reversiontheescape,,,,,,,,,,,,,,,,,
1845,district187,,,,,,,,,,,,,,,,,
1857,septerracore,,,,,,,,,,,,,,,,,
1861,defygravity,,,,,,,,,,,,,,,,,
1866,stccii,,,,,,,,,,,,,,,,,
1869,theretroexpansion,,,,,,,,,,,,,,,,,
1870,thewtcc2010pack,,,,,,,,,,,,,,,,,
1871,tomeimmortalarena,,,,,,,,,,,,,,,,,
1872,brilliantbob,,,,,,,,,,,,,,,,,
1875,eldritch,,,,,,,,,,,,,,,,,
1883,tempertantrum,,,,,,,,,,,,,,,,,
1885,modularcombat,,,,,,,,,,,,,,,,,
1887,goldenrush,,,,,,,,,,,,,,,,,
1890,hotlinemiami2wrongnumberdigitalcomic,,,,,,,,,,,,,,,,,
1891,deadrising3,,,,,,,,,,,,,,,,,
1892,deadrising3dlc1,,,,,,,,,,,,,,,,,
1893,deadrising3dlc2,,,,,,,,,,,,,,,,,
1894,deadrising3dlc3,,,,,,,,,,,,,,,,,
1895,deadrising3dlc4,,,,,,,,,,,,,,,,,
1910,goocubelets,,,,,,,,,,,,,,,,,
1913,dragomonhunter,,,,,,,,,,,,,,,,,
1915,fiestaonlinena,,,,,,,,,,,,,,,,,
1916,grandchase,,,,,,,,,,,,,,,,,
1917,lostsaganorthamerica,,,,,,,,,,,,,,,,,
1918,mabinogi,,,,,,,,,,,,,,,,,
1919,microvoltssurge,,,,,,,,,,,,,,,,,
1920,raiderz,,,,,,,,,,,,,,,,,
1921,smashmuckchampions,,,,,,,,,,,,,,,,,
1923,unchartedwatersonlinegranatlas,,,,,,,,,,,,,,,,,
1925,medievaltotalwargoldedition,,,,,,,,,,,,,,,,,
1926,dragonnesteurope,,,,,,,,,,,,,,,,,
1928,scribblenautsunmasked,,,,,,,,,,,,,,,,,
1929,gearcrackarena,,,,,,,,,,,,,,,,,
1930,saviors,,,,,,,,,,,,,,,,,
1931,whysoevil,,,,,,,,,,,,,,,,,
1932,crusaderkingsiihymnsofabraham,,,,,,,,,,,,,,,,,
1933,nba2k9,,,,,,,,,,,,,,,,,
1934,dynastywarriors8xtremelegendscompleteedition,,,,,,,,,,,,,,,,,
1935,teenagemutantninjaturtlesoutoftheshadows,,,,,,,,,,,,,,,,,
1936,quantumrushonline,,,,,,,,,,,,,,,,,
1937,rustyhearts,,,,,,,,,,,,,,,,,
1943,paydaythewebseriesepisode1,,,,,,,,,,,,,,,,,
1945,unturnedpermanentgoldupgrade,,,,,,,,,,,,,,,,,
1946,ageofempiresonline,,,,,,,,,,,,,,,,,
1947,annoonline,,,,,,,,,,,,,,,,,
1948,crimecraftgangwars,,,,,,,,,,,,,,,,,
1949,lambdawarsbeta,,,,,,,,,,,,,,,,,
1950,disneyinfinity30playwithoutlimits,,,,,,,,,,,,,,,,,
1954,shadowwarriorclassic1997,,,,,,,,,,,,,,,,,
1955,thefishfillets2,,,,,,,,,,,,,,,,,
1956,dragonspropheteu,,,,,,,,,,,,,,,,,
1957,forsakenworld,,,,,,,,,,,,,,,,,
1958,metalreaperonline,,,,,,,,,,,,,,,,,
1959,lifelessplanet,,,,,,,,,,,,,,,,,
1963,callofjuarezthecartel,,,,,,,,,,,,,,,,,
1969,galcon2,,,,,,,,,,,,,,,,,
1972,spookyshouseofjumpscares,,,,,,,,,,,,,,,,,
1978,piratesvikingsknightsii,,,,,,,,,,,,,,,,,
1981,ragnarok,,,,,,,,,,,,,,,,,
1982,moonbreakers,,,,,,,,,,,,,,,,,
1986,frontlinetactics,,,,,,,,,,,,,,,,,
1991,poolnationfx,,,,,,,,,,,,,,,,,
1993,dontstarveshipwrecked,,,,,,,,,,,,,,,,,
1995,riseofvenice,,,,,,,,,,,,,,,,,
1998,amazingworld,,,,,,,,,,,,,,,,,
2000,arcanesagaonline,,,,,,,,,,,,,,,,,
2002,battlebattalions,,,,,,,,,,,,,,,,,
2004,blackfire,,,,,,,,,,,,,,,,,
2005,brawlbusters,,,,,,,,,,,,,,,,,
2006,bulletrun,,,,,,,,,,,,,,,,,
2008,cityofsteamarkadia,,,,,,,,,,,,,,,,,
2015,dogsofwaronlinebeta,,,,,,,,,,,,,,,,,
2019,esenthelengine,,,,,,,,,,,,,,,,,
2020,eternalfate,,,,,,,,,,,,,,,,,
2022,fiestaonline,,,,,,,,,,,,,,,,,
2023,footballsuperstars,,,,,,,,,,,,,,,,,
2025,gladiatorsonlinedeathbeforedishonor,,,,,,,,,,,,,,,,,
2029,homefrontdemo,,,,,,,,,,,,,,,,,
2034,magicthegatheringtactics,,,,,,,,,,,,,,,,,
2038,mylands,,,,,,,,,,,,,,,,,
2040,pandorasagaweaponsofbalance,,,,,,,,,,,,,,,,,
2042,roseonline,,,,,,,,,,,,,,,,,
2044,runningshadow,,,,,,,,,,,,,,,,,
2046,saintsrowivinaugurationstation,,,,,,,,,,,,,,,,,
2049,soldierfront2,,,,,,,,,,,,,,,,,
2052,talesrunner,,,,,,,,,,,,,,,,,
2056,warside,,,,,,,,,,,,,,,,,
2057,worldofbattles,,,,,,,,,,,,,,,,,
2064,lillyandsashacurseoftheimmortals,,,,,,,,,,,,,,,,,
2068,combatarms,,,,,,,,,,,,,,,,,
2070,breakintozatwor,,,,,,,,,,,,,,,,,
2071,whysoevil2dystopia,,,,,,,,,,,,,,,,,
2077,greyfox,,,,,,,,,,,,,,,,,
2089,solsticearena,,,,,,,,,,,,,,,,,
2094,piercingblow,,,,,,,,,,,,,,,,,
