,name,og_name
0,alienswarm,Alien Swarm
1,citiesskylines,Cities Skylines
2,counterstrike,Counter-Strike
3,counterstrikesource,Counter-Strike Source
4,dayofdefeat,Day of Defeat
5,deathmatchclassic,Deathmatch Classic
6,deusexhumanrevolution,Deus Ex Human Revolution
7,dota2,Dota 2
8,halflife,Half-Life
9,halflife2,Half-Life 2
10,halflife2deathmatch,Half-Life 2 Deathmatch
11,halflife2episodeone,Half-Life 2 Episode One
12,halflife2episodetwo,Half-Life 2 Episode Two
13,halflife2lostcoast,Half-Life 2 Lost Coast
14,halflifeblueshift,Half-Life Blue Shift
15,halflifeopposingforce,Half-Life Opposing Force
16,portal,Portal
17,portal2,Portal 2
18,ricochet,Ricochet
19,teamfortress2,Team Fortress 2
20,teamfortressclassic,Team Fortress Classic
21,ageofempiresiihdedition,Age of Empires II HD Edition
22,arma2,Arma 2
23,arma2operationarrowhead,Arma 2 Operation Arrowhead
24,arma2operationarrowheadbetaobsolete,Arma 2 Operation Arrowhead Beta (Obsolete)
25,banished,Banished
26,callofdutyblackops,Call of Duty Black Ops
27,callofdutyblackopsmultiplayer,Call of Duty Black Ops - Multiplayer
28,callofdutymodernwarfare2,Call of Duty Modern Warfare 2
29,callofdutymodernwarfare2multiplayer,Call of Duty Modern Warfare 2 - Multiplayer
30,callofdutymodernwarfare3,Call of Duty Modern Warfare 3
31,callofdutymodernwarfare3multiplayer,Call of Duty Modern Warfare 3 - Multiplayer
32,callofdutyworldatwar,Call of Duty World at War
33,counterstrikeglobaloffensive,Counter-Strike Global Offensive
34,riseofnationsextendededition,Rise of Nations Extended Edition
35,thestanleyparable,The Stanley Parable
36,thief,Thief
37,thiefghost,Thief - Ghost
38,thiefopportunist,Thief - Opportunist
39,thiefpredator,Thief - Predator
40,thiefthebankheist,Thief - The Bank Heist
41,thief2,Thief 2
42,thiefdeadlyshadows,Thief Deadly Shadows
43,thiefgold,Thief Gold
44,totalwarattila,Total War ATTILA
45,wormsarmageddon,Worms Armageddon
46,ageofempiresiihdtheforgotten,Age of Empires II HD The Forgotten
47,alanwake,Alan Wake
48,alanwakesamericannightmare,Alan Wake's American Nightmare
49,audiosurf,Audiosurf
50,backtothefutureep1itsabouttime,Back to the Future Ep 1 - It's About Time
51,backtothefutureep2gettannen,Back to the Future Ep 2 - Get Tannen!
52,backtothefutureep3citizenbrown,Back to the Future Ep 3 - Citizen Brown
53,backtothefutureep4doublevisions,Back to the Future Ep 4 - Double Visions
54,backtothefutureep5outatime,Back to the Future Ep 5 - OUTATIME
55,borderlands2,Borderlands 2
56,deusexgameoftheyearedition,Deus Ex Game of the Year Edition
57,deusexhumanrevolutionthemissinglink,Deus Ex Human Revolution - The Missing Link
58,deusexinvisiblewar,Deus Ex Invisible War
59,dirt3,DiRT 3
60,dirt3completeedition,DiRT 3 Complete Edition
61,dirtshowdown,DiRT Showdown
62,ftlfasterthanlight,FTL Faster Than Light
63,farcry3,Far Cry 3
64,hectorep1,Hector Ep 1
65,hectorep2,Hector Ep 2
66,hectorep3,Hector Ep 3
67,killerisdead,Killer is Dead
68,lanoire,L.A. Noire
69,left4dead2,Left 4 Dead 2
70,maxpayne3,Max Payne 3
71,operationflashpointdragonrising,Operation Flashpoint Dragon Rising
72,operationflashpointredriver,Operation Flashpoint Red River
73,overlord,Overlord
74,overlordii,Overlord II
75,overlordraisinghell,Overlord Raising Hell
76,pokernightattheinventory,Poker Night at the Inventory
77,puzzleagent,Puzzle Agent
78,puzzleagent2,Puzzle Agent 2
79,riseoftheargonauts,Rise of the Argonauts
80,sammax301thepenalzone,Sam & Max 301 The Penal Zone
81,sammax302thetombofsammunmak,Sam & Max 302 The Tomb of Sammun-Mak
82,sammax303theystolemaxsbrain,Sam & Max 303 They Stole Max's Brain!
83,sammax304beyondthealleyofthedolls,Sam & Max 304 Beyond the Alley of the Dolls
84,sammax305thecitythatdaresnotsleep,Sam & Max 305 The City that Dares not Sleep
85,serioussam2,Serious Sam 2
86,serioussam3bfe,Serious Sam 3 BFE
87,serioussamclassicthefirstencounter,Serious Sam Classic The First Encounter
88,serioussamclassicthesecondencounter,Serious Sam Classic The Second Encounter
89,serioussamclassicsrevolution,Serious Sam Classics Revolution
90,serioussamdoubledxxl,Serious Sam Double D XXL
91,serioussamhdthefirstencounter,Serious Sam HD The First Encounter
92,serioussamtherandomencounter,Serious Sam The Random Encounter
93,skyrimhighresolutiontexturepack,Skyrim High Resolution Texture Pack
94,theelderscrollsvskyrim,The Elder Scrolls V Skyrim
95,theelderscrollsvskyrimdawnguard,The Elder Scrolls V Skyrim - Dawnguard
96,theelderscrollsvskyrimdragonborn,The Elder Scrolls V Skyrim - Dragonborn
97,theelderscrollsvskyrimhearthfire,The Elder Scrolls V Skyrim - Hearthfire
98,thewalkingdead,The Walking Dead
99,tomclancysghostreconadvancedwarfighter2,Tom Clancy's Ghost Recon Advanced Warfighter 2
100,tomclancysghostreconfuturesoldier,Tom Clancy's Ghost Recon Future Soldier
101,tomclancyssplintercellconviction,Tom Clancy's Splinter Cell Conviction
102,torchlightii,Torchlight II
103,tropico4,Tropico 4
104,universesandbox,Universe Sandbox
105,wallacegromitep1frightofthebumblebees,Wallace & Gromit Ep 1 Fright of the Bumblebees
106,wallacegromitep2thelastresort,Wallace & Gromit Ep 2 The Last Resort
107,wallacegromitep3muzzled,Wallace & Gromit Ep 3 Muzzled!
108,wallacegromitep4thebogeyman,Wallace & Gromit Ep 4 The Bogey Man
109,xcomenemyunknown,XCOM Enemy Unknown
110,counterstrikeconditionzero,Counter-Strike Condition Zero
111,counterstrikeconditionzerodeletedscenes,Counter-Strike Condition Zero Deleted Scenes
112,callofdutymodernwarfare2resurgencepack,Call of Duty Modern Warfare 2 - Resurgence Pack
113,callofdutymodernwarfare2stimuluspackage,Call of Duty Modern Warfare 2 Stimulus Package
114,halflifedeathmatchsource,Half-Life Deathmatch Source
115,insurgencymoderninfantrycombat,Insurgency Modern Infantry Combat
116,wormsreloaded,Worms Reloaded
117,7daystodie,7 Days to Die
118,arksurvivalevolved,ARK Survival Evolved
119,ageofempiresiiicompletecollection,Age of Empires III Complete Collection
120,ageofwondersiii,Age of Wonders III
121,alienbreed2assault,Alien Breed 2 Assault
122,alphaprotocol,Alpha Protocol
123,amnesiaamachineforpigs,Amnesia A Machine for Pigs
124,amnesiathedarkdescent,Amnesia The Dark Descent
125,aquaria,Aquaria
126,arxfatalis,Arx Fatalis
127,awesomenauts,Awesomenauts
128,baldursgateiienhancededition,Baldur's Gate II Enhanced Edition
129,batmanarkhamorigins,Batman Arkham Origins
130,battleblocktheater,BattleBlock Theater
131,battlefieldbadcompany2,Battlefield Bad Company 2
132,bioshockinfinite,BioShock Infinite
133,bioshockinfiniteseasonpass,BioShock Infinite - Season Pass
134,bioshockinfiniteburialatseaepisode1,BioShock Infinite Burial at Sea - Episode 1
135,bioshockinfiniteburialatseaepisode2,BioShock Infinite Burial at Sea - Episode 2
136,borderlands,Borderlands
137,brokenage,Broken Age
138,brothersataleoftwosons,Brothers - A Tale of Two Sons
139,brtallegend,Brtal Legend
140,bulletstorm,Bulletstorm
141,callofjuarezgunslinger,Call of Juarez Gunslinger
142,castlecrashers,Castle Crashers
143,cavestory,Cave Story+
144,childoflight,Child of Light
145,chivalrymedievalwarfare,Chivalry Medieval Warfare
146,companyofheroes,Company of Heroes
147,companyofheroesnewsteamversion,Company of Heroes (New Steam Version)
148,companyofheroesopposingfronts,Company of Heroes Opposing Fronts
149,companyofheroestalesofvalor,Company of Heroes Tales of Valor
150,crusaderkingsii,Crusader Kings II
151,crysis2maximumedition,Crysis 2 Maximum Edition
152,darksoulsii,DARK SOULS II
153,darksoulsiiseasonpass,DARK SOULS II - Season Pass
154,darksoulsiicrownoftheoldironking,DARK SOULS II Crown of the Old Iron King
155,darksoulsiischolarofthefirstsin,DARK SOULS II Scholar of the First Sin
156,darksoulspreparetodieedition,Dark Souls Prepare to Die Edition
157,darkestdungeon,Darkest Dungeon
158,darksiders,Darksiders
159,darksidersii,Darksiders II
160,deadisland,Dead Island
161,deadlight,Deadlight
162,dearesther,Dear Esther
163,dishonored,Dishonored
164,divinityoriginalsin,Divinity Original Sin
165,divinityoriginalsinenhancededition,Divinity Original Sin Enhanced Edition
166,dmcdevilmaycry,DmC Devil May Cry
167,dontstarve,Don't Starve
168,dontstarvetogetherbeta,Don't Starve Together Beta
169,dragonageoriginsultimateedition,Dragon Age Origins - Ultimate Edition
170,driversanfrancisco,Driver San Francisco
171,ducktalesremastered,DuckTales Remastered
172,dungeondefenders,Dungeon Defenders
173,dungeonsofdredmor,Dungeons of Dredmor
174,dyinglight,Dying Light
175,endlesslegend,Endless Legend
176,eurotrucksimulator2,Euro Truck Simulator 2
177,fear3,F.E.A.R. 3
178,fallout,Fallout
179,fallout4,Fallout 4
180,falloutnewvegas,Fallout New Vegas
181,falloutnewvegascouriersstash,Fallout New Vegas Courier's Stash
182,falloutnewvegasdeadmoney,Fallout New Vegas Dead Money
183,falloutnewvegashonesthearts,Fallout New Vegas Honest Hearts
184,galacticcivilizationsiiultimateedition,Galactic Civilizations II Ultimate Edition
185,garrysmod,Garry's Mod
186,gish,Gish
187,goatsimulator,Goat Simulator
188,gonehome,Gone Home
189,grimfandangoremastered,Grim Fandango Remastered
190,guacameleegoldedition,Guacamelee! Gold Edition
191,gunpoint,Gunpoint
192,gunsoficarusonline,Guns of Icarus Online
193,hitmanabsolution,Hitman Absolution
194,hitmansniperchallenge,Hitman Sniper Challenge
195,hotlinemiami,Hotline Miami
196,insanelytwistedshadowplanet,Insanely Twisted Shadow Planet
197,insurgency,Insurgency
198,jazzpunk,Jazzpunk
199,jetsetradio,Jet Set Radio
200,justcause2,Just Cause 2
201,justcause2multiplayermod,Just Cause 2 Multiplayer Mod
202,killingfloor2,Killing Floor 2
203,kingdomsofamalurreckoning,Kingdoms of Amalur Reckoning
204,legobatman2,LEGO Batman 2
205,legomarvelsuperheroes,LEGO MARVEL Super Heroes
206,laracroftandtheguardianoflight,Lara Croft and the Guardian of Light
207,left4dead,Left 4 Dead
208,legendofgrimrock,Legend of Grimrock
209,legendofgrimrock2,Legend of Grimrock 2
210,littleinferno,Little Inferno
211,lostplanetextremecondition,Lost Planet Extreme Condition
212,lugaruhd,Lugaru HD 
213,metalgearsolidvgroundzeroes,METAL GEAR SOLID V GROUND ZEROES
214,metalgearsolidvthephantompain,METAL GEAR SOLID V THE PHANTOM PAIN
215,machinarium,Machinarium
216,magicka,Magicka
217,markoftheninja,Mark of the Ninja
218,masseffect2,Mass Effect 2
219,metro2033,Metro 2033
220,metrolastlight,Metro Last Light
221,mightmagicheroesvi,Might & Magic Heroes VI
222,monaco,Monaco
223,monkeyisland2specialedition,Monkey Island 2 Special Edition
224,mortalkombatx,Mortal Kombat X
225,naturalselection2,Natural Selection 2
226,nexuiz,Nexuiz
227,nexuizbeta,Nexuiz Beta
228,nexuizstupidmode,Nexuiz STUPID Mode
229,nightsintodreams,NiGHTS into Dreams...
230,nidhogg,Nidhogg
231,orionprelude,ORION Prelude
232,octodaddadliestcatch,Octodad Dadliest Catch
233,olliolli,OlliOlli
234,orcsmustdie2,Orcs Must Die! 2
235,outlast,Outlast
236,payday2,PAYDAY 2
237,prototype2,PROTOTYPE 2
238,papersplease,"Papers, Please"
239,patchtestingforchivalry,Patch testing for Chivalry
240,penumbraoverture,Penumbra Overture
241,pillarsofeternity,Pillars of Eternity
242,prisonarchitect,Prison Architect
243,prototype,Prototype
244,prototype2radnetaccesspack,Prototype 2 RADNET Access Pack
245,rage,RAGE
246,redfactionarmageddon,Red Faction Armageddon
247,redfactionguerrillasteamedition,Red Faction Guerrilla Steam Edition
248,riskofrain,Risk of Rain
249,rocketleague,Rocket League
250,roguelegacy,Rogue Legacy
251,rust,Rust
252,starwarsknightsoftheoldrepubliciithesithlords,STAR WARS Knights of the Old Republic II The Sith Lords
253,saintsrowiv,Saints Row IV
254,saintsrowthethird,Saints Row The Third
255,samorost2,Samorost 2
256,sanctum,Sanctum
257,sanctum2,Sanctum 2
258,savagelands,Savage Lands
259,scribblenautsunlimited,Scribblenauts Unlimited
260,serioussamhdthesecondencounter,Serious Sam HD The Second Encounter
261,shadowwarrior,Shadow Warrior
262,shadowrundragonfall,Shadowrun Dragonfall
263,shadowrundragonfalldirectorscut,Shadowrun Dragonfall - Director's Cut
264,shadowrunhongkong,Shadowrun Hong Kong
265,shadowrunreturns,Shadowrun Returns
266,sidmeierscivilizationbeyondearth,Sid Meier's Civilization Beyond Earth
267,sidmeierscivilizationv,Sid Meier's Civilization V
268,sidmeierscivilizationvbravenewworld,Sid Meier's Civilization V Brave New World
269,siryouarebeinghunted,"Sir, You Are Being Hunted"
270,sleepingdogs,Sleeping Dogs
271,sonicallstarsracingtransformed,Sonic & All-Stars Racing Transformed
272,sonicgenerations,Sonic Generations
273,southparkthestickoftruth,South Park The Stick of Truth
274,specopstheline,Spec Ops The Line
275,squishythesuicidalpig,Squishy the Suicidal Pig
276,stacking,Stacking
277,starbound,Starbound
278,starboundunstable,Starbound - Unstable
279,stateofdecay,State of Decay
280,styxmasterofshadows,Styx Master of Shadows
281,surgeonsimulator,Surgeon Simulator
282,teleglitchdiemoreedition,Teleglitch Die More Edition
283,terraria,Terraria
284,thebannersaga,The Banner Saga
285,thebannersagamodcontent,The Banner Saga - Mod Content
286,thebindingofisaac,The Binding of Isaac
287,thecave,The Cave
288,theforest,The Forest
289,thelongdark,The Long Dark
290,thelordoftheringswarinthenorth,The Lord of the Rings War in the North
291,thesecretofmonkeyislandspecialedition,The Secret of Monkey Island Special Edition
292,theswapper,The Swapper
293,thetalosprinciple,The Talos Principle
294,thetestamentofsherlockholmes,The Testament of Sherlock Holmes
295,thewalkingdeadseasontwo,The Walking Dead Season Two
296,thewitcher2assassinsofkingsenhancededition,The Witcher 2 Assassins of Kings Enhanced Edition
297,thewitcher3wildhunt,The Witcher 3 Wild Hunt
298,thewitcher3wildhuntnewfinisheranimations,The Witcher 3 Wild Hunt - New Finisher Animations
299,thewolfamongus,The Wolf Among Us
300,tothemoon,To the Moon
301,tomclancyssplintercellblacklist,Tom Clancy's Splinter Cell Blacklist
302,tombraider,Tomb Raider
303,tombraideranniversary,Tomb Raider Anniversary
304,torchlight,Torchlight
305,towerofguns,Tower of Guns
306,transformersfallofcybertron,Transformers Fall of Cybertron
307,transistor,Transistor
308,trine2,Trine 2
309,undertale,Undertale
310,unturned,Unturned
311,visceracleanupdetailshadowwarrior,Viscera Cleanup Detail Shadow Warrior
312,warhammer40000dawnofwarii,"Warhammer 40,000 Dawn of War II"
313,warhammer40000dawnofwariichaosrising,"Warhammer 40,000 Dawn of War II - Chaos Rising"
314,warhammerendtimesvermintide,Warhammer End Times - Vermintide
315,warhammerendtimesvermintidesigmarsblessing,Warhammer End Times - Vermintide Sigmar's Blessing
316,wasteland1theoriginalclassic,Wasteland 1 - The Original Classic
317,wasteland2,Wasteland 2
318,wasteland2directorscut,Wasteland 2 Director's Cut
319,worldofgoo,World of Goo
320,xcomenemywithin,XCOM Enemy Within
321,counterstrikenexonzombies,Counter-Strike Nexon Zombies
322,eldevin,Eldevin
323,fallenearth,Fallen Earth
324,magickawizardwars,Magicka Wizard Wars
325,planetside2,PlanetSide 2
326,raceroomracingexperience,RaceRoom Racing Experience 
327,ragnarokonline2,Ragnarok Online 2
328,realmofthemadgod,Realm of the Mad God
329,riseofincarnates,Rise of Incarnates
330,themightyquestforepicloot,The Mighty Quest For Epic Loot
331,warface,Warface
332,thehunter,theHunter
333,callofdutyblackopsii,Call of Duty Black Ops II
334,callofdutyblackopsiimultiplayer,Call of Duty Black Ops II - Multiplayer
335,callofdutyblackopsiizombies,Call of Duty Black Ops II - Zombies
336,darkesthoureurope4445,Darkest Hour Europe '44-'45
337,dayofdefeatsource,Day of Defeat Source
338,marenostrum,Mare Nostrum
339,redorchestraostfront4145,Red Orchestra Ostfront 41-45
340,warthunder,War Thunder
341,brink,BRINK
342,battlefield2,Battlefield 2
343,bioshock,BioShock
344,bioshock2,BioShock 2
345,borderlandsdlcclaptrapsnewrobotrevolution,Borderlands DLC Claptraps New Robot Revolution
346,borderlandsdlcmadmoxxisunderdomeriot,Borderlands DLC Mad Moxxi's Underdome Riot
347,borderlandsdlcthesecretarmoryofgeneralknoxx,Borderlands DLC The Secret Armory of General Knoxx
348,borderlandsdlcthezombieislandofdrned,Borderlands DLC The Zombie Island of Dr. Ned
349,callofduty4modernwarfare,Call of Duty 4 Modern Warfare
350,callofdutyadvancedwarfare,Call of Duty Advanced Warfare
351,callofdutyadvancedwarfaremultiplayer,Call of Duty Advanced Warfare - Multiplayer
352,callofdutyghosts,Call of Duty Ghosts
353,callofdutyghostsmultiplayer,Call of Duty Ghosts - Multiplayer
354,darkmessiahofmightmagicmultiplayer,Dark Messiah of Might & Magic Multi-Player
355,darkmessiahofmightmagicsingleplayer,Dark Messiah of Might & Magic Single Player
356,dayz,DayZ
357,deadspace,Dead Space
358,dukenukemforever,Duke Nukem Forever
359,eufloria,Eufloria
360,eufloriahd,Eufloria HD
361,eufloriahdoriginalsoundtrack,Eufloria HD Original Soundtrack
362,freedomforce,Freedom Force
363,freedomforcevsthe3rdreich,Freedom Force vs. the 3rd Reich
364,frontmissionevolved,Front Mission Evolved
365,halflifesource,Half-Life Source
366,homefront,Homefront
367,hydrophobiaprophecy,Hydrophobia Prophecy
368,iamalive,I Am Alive
369,killingfloor,Killing Floor
370,killingfloormoddefencealliance2,Killing Floor Mod Defence Alliance 2
371,mafia,Mafia
372,mafiaii,Mafia II
373,masseffect,Mass Effect
374,maxpayne2thefallofmaxpayne,Max Payne 2 The Fall of Max Payne
375,medalofhonorpreorder,Medal of Honor Pre-Order
376,medalofhonortmmultiplayer,Medal of Honor(TM) Multiplayer
377,medalofhonortmsingleplayer,Medal of Honor(TM) Single Player
378,nomoreroominhell,No More Room in Hell
379,osmos,Osmos
380,pcgamer,PC Gamer
381,painkillerblackedition,Painkiller Black Edition
382,painkillerhelldamnation,Painkiller Hell & Damnation
383,painkilleroverdose,Painkiller Overdose
384,rift,RIFT
385,railroadtycoon2platinum,Railroad Tycoon 2 Platinum
386,railroadtycoon3,Railroad Tycoon 3
387,section8prejudice,Section 8 Prejudice
388,shatteredhorizon,Shattered Horizon
389,sidmeierscivilizationiiicomplete,Sid Meier's Civilization III Complete
390,sidmeierscivilizationiv,Sid Meier's Civilization IV
391,sidmeierscivilizationivbeyondthesword,Sid Meier's Civilization IV Beyond the Sword
392,sidmeierscivilizationivcolonization,Sid Meier's Civilization IV Colonization
393,sidmeierscivilizationivwarlords,Sid Meier's Civilization IV Warlords
394,sidmeiersrailroads,Sid Meier's Railroads!
395,sniperelite,Sniper Elite
396,sniperelitev2,Sniper Elite V2
397,sniperghostwarrior,Sniper Ghost Warrior
398,stronghold2,Stronghold 2
399,strongholdcrusaderextremehd,Stronghold Crusader Extreme HD
400,strongholdcrusaderhd,Stronghold Crusader HD
401,strongholdhd,Stronghold HD
402,strongholdlegends,Stronghold Legends
403,synergy,Synergy
404,themisadventuresofpbwinterbottom,The Misadventures of P.B. Winterbottom
405,unrealgold,Unreal Gold
406,unrealiitheawakening,Unreal II The Awakening
407,unrealtournament2004,Unreal Tournament 2004
408,unrealtournament3blackedition,Unreal Tournament 3 Black Edition
409,unrealtournamentgameoftheyearedition,Unreal Tournament Game of the Year Edition
410,xcomapocalypse,X-COM Apocalypse
411,xcomenforcer,X-COM Enforcer
412,xcominterceptor,X-COM Interceptor
413,xcomterrorfromthedeep,X-COM Terror from the Deep
414,xcomufodefense,X-COM UFO Defense
415,zombiedriver,Zombie Driver
416,zombiepanicsource,Zombie Panic Source
417,f12014,F1 2014
418,footballmanager2009,Football Manager 2009
419,batmanarkhamasylumgotyedition,Batman Arkham Asylum GOTY Edition
420,batmanarkhamcitygoty,Batman Arkham City GOTY
421,avalleywithoutwind,A Valley Without Wind
422,avalleywithoutwind2,A Valley Without Wind 2
423,ares,A.R.E.S.
424,aiwarfleetcommand,AI War Fleet Command
425,ageofchivalry,Age of Chivalry
426,airconflictspacificcarriers,Air Conflicts Pacific Carriers
427,andyetitmoves,And Yet It Moves
428,annaextendededition,Anna - Extended Edition
429,anomalywarzoneearth,Anomaly Warzone Earth
430,antichamber,Antichamber
431,arcania,ArcaniA
432,armacoldwarassault,Arma Cold War Assault
433,assassinscreedii,Assassin's Creed II
434,assassinscreediii,Assassin's Creed III
435,assassinscreedrevelations,Assassin's Creed Revelations
436,atomzombiesmasher,Atom Zombie Smasher 
437,avadontheblackfortress,Avadon The Black Fortress
438,avernumescapefromthepit,Avernum Escape From the Pit
439,bittriprunner,BIT.TRIP RUNNER
440,batmanarkhamcity,Batman Arkham City
441,beatbuddytaleoftheguardians,Beatbuddy Tale of the Guardians
442,bentheredanthat,"Ben There, Dan That!"
443,blocksthatmatter,Blocks That Matter
444,bloodbowllegendaryedition,Blood Bowl Legendary Edition
445,braid,Braid
446,burnoutparadisetheultimatebox,Burnout Paradise The Ultimate Box
447,citiesxlplatinum,Cities XL Platinum
448,closure,Closure
449,cogs,Cogs
450,commandandconquerredalert3uprising,Command and Conquer Red Alert 3 - Uprising
451,confrontation,Confrontation
452,cortexcommand,Cortex Command
453,costumequest,Costume Quest
454,crayonphysicsdeluxe,Crayon Physics Deluxe
455,crysiswarhead,Crysis Warhead
456,crysiswars,Crysis Wars
457,defcon,DEFCON
458,doomiihellonearth,DOOM II Hell on Earth
459,darwinia,Darwinia
460,deadlightoriginalsoundtrack,Deadlight Original Soundtrack
461,deathspank,DeathSpank
462,deathspankthongsofvirtue,DeathSpank Thongs Of Virtue
463,defensegrid2,Defense Grid 2
464,defensegridresurgencemappack1,Defense Grid Resurgence Map Pack 1
465,defensegridresurgencemappack2,Defense Grid Resurgence Map Pack 2 
466,defensegridresurgencemappack3,Defense Grid Resurgence Map Pack 3
467,defensegridresurgencemappack4,Defense Grid Resurgence Map Pack 4
468,defensegridtheawakening,Defense Grid The Awakening
469,dinodday,Dino D-Day
470,divinityiideveloperscut,Divinity II Developer's Cut
471,dogfighter,DogFighter
472,dungeonland,Dungeonland
473,dungeonlandallaccesspass,Dungeonland - All access pass
474,dustanelysiantail,Dust An Elysian Tail
475,dwarfs,Dwarfs!?
476,edge,EDGE
477,eetsmunchies,Eets Munchies
478,empiretotalwar,Empire Total War
479,europauniversalisiii,Europa Universalis III
480,fez,FEZ
481,faeriesolitaire,Faerie Solitaire
482,farcry2,Far Cry 2
483,farcry2fortunespack,Far Cry 2 Fortunes Pack
484,farcry3blooddragon,Far Cry 3 Blood Dragon
485,fateoftheworld,Fate of the World
486,floatingpoint,Floating Point
487,frozensynapse,Frozen Synapse
488,galaxyonfire2fullhd,Galaxy on Fire 2 Full HD
489,galconfusion,Galcon Fusion
490,gameofthrones,Game of Thrones 
491,geminirue,Gemini Rue
492,geometrywarsretroevolved,Geometry Wars Retro Evolved
493,gianasisterstwisteddreams,Giana Sisters Twisted Dreams
494,gratuitousspacebattles,Gratuitous Space Battles
495,hackerevolutionuntold,Hacker Evolution - Untold
496,hackerevolutionduality,Hacker Evolution Duality
497,halfminuteherosupermeganeoclimaxultimateboy,Half Minute Hero Super Mega Neo Climax Ultimate Boy
498,hammerfight,Hammerfight
499,hammerwatch,Hammerwatch
500,hardreset,Hard Reset
501,hardresetexiledlc,Hard Reset Exile DLC
502,home,Home
503,ihavenomouthandimustscream,"I Have No Mouth, and I Must Scream"
504,indiegamethemovie,Indie Game The Movie
505,irongripwarlord,Iron Grip Warlord
506,jamestown,Jamestown
507,kingsbountyarmoredprincess,King's Bounty Armored Princess
508,kingsbountycrossworlds,King's Bounty Crossworlds
509,leviathanwarships,Leviathan Warships
510,madballsinbaboinvasion,Madballs in...Babo Invasion
511,magickanippon,Magicka Nippon
512,magickavietnam,Magicka Vietnam
513,magickawizardssurvivalkit,Magicka Wizard's Survival Kit
514,masterlevelsfordoomii,Master Levels for DOOM II
515,mcpixel,McPixel
516,medievaliitotalwar,Medieval II Total War
517,medievaliitotalwarkingdoms,Medieval II Total War Kingdoms
518,midnightclubii,Midnight Club II
519,mirrorsedge,Mirror's Edge
520,mountbladewarband,Mount & Blade Warband
521,multiwinia,Multiwinia
522,napoleontotalwar,Napoleon Total War
523,nightsky,NightSky
524,oddworldabesoddysee,Oddworld Abe's Oddysee
525,offspringfling,Offspring Fling!
526,ontherainslickprecipiceofdarknessepisodeone,"On the Rain-Slick Precipice of Darkness, Episode One"
527,ontherainslickprecipiceofdarknessepisodetwo,"On the Rain-Slick Precipice of Darkness, Episode Two"
528,orcsmustdie,Orcs Must Die!
529,paydaytheheist,PAYDAY The Heist
530,pennyarcadesontherainslickprecipiceofdarkness3,Penny Arcade's On the Rain-Slick Precipice of Darkness 3
531,pixeljunkmonstersultimate,PixelJunk Monsters Ultimate
532,plainsight,Plain Sight
533,portalstoriesmel,Portal Stories Mel
534,princeofpersia,Prince of Persia
535,projectzomboid,Project Zomboid
536,proteus,Proteus
537,psychonauts,Psychonauts
538,psychonautsdemo,Psychonauts Demo
539,rawrealmsofancientwar,RAW - Realms of Ancient War
540,racethesun,Race The Sun
541,redorchestra2heroesofstalingradsingleplayer,Red Orchestra 2 Heroes of Stalingrad - Single Player
542,renegadeops,Renegade Ops
543,revengeofthetitans,Revenge of the Titans
544,risen2darkwaters,Risen 2 - Dark Waters
545,risingstormredorchestra2multiplayer,Rising Storm/Red Orchestra 2 Multiplayer
546,robocraft,Robocraft
547,rochard,Rochard
548,rockofages,Rock of Ages
549,rometotalwar,Rome Total War
550,stalkershadowofchernobyl,S.T.A.L.K.E.R. Shadow of Chernobyl
551,sacred2gold,Sacred 2 Gold
552,saintsrow2,Saints Row 2
553,saira,Saira
554,shadowgrounds,Shadowgrounds
555,shadowgroundssurvivor,Shadowgrounds Survivor
556,shank,Shank
557,shank2,Shank 2
558,shatter,Shatter
559,simcity4deluxe,SimCity 4 Deluxe
560,sinemora,Sine Mora
561,skydrift,SkyDrift
562,snapshot,Snapshot
563,snuggletruck,Snuggle Truck
564,spacepiratesandzombies,Space Pirates and Zombies
565,spacechem,SpaceChem
566,spellforce2faithindestiny,SpellForce 2 - Faith in Destiny
567,startrekonline,Star Trek Online
568,steamworlddig,SteamWorld Dig
569,steelstormburningretribution,Steel Storm Burning Retribution
570,supermeatboy,Super Meat Boy
571,supermondaynightcombat,Super Monday Night Combat
572,supremecommander,Supreme Commander
573,supremecommanderforgedalliance,Supreme Commander Forged Alliance
574,swordsandsoldiershd,Swords and Soldiers HD
575,trauma,TRAUMA
576,thebaconing,The Baconing
577,theball,The Ball
578,thedarkeyechainsofsatinav,The Dark Eye Chains of Satinav
579,theexpendabros,The Expendabros
580,theguildii,The Guild II
581,theincredibleadventuresofvanhelsing,The Incredible Adventures of Van Helsing
582,theincredibleadventuresofvanhelsingthaumaturge,The Incredible Adventures of Van Helsing Thaumaturge
583,thepath,The Path
584,theship,The Ship
585,theshipsingleplayer,The Ship Single Player
586,theshiptutorial,The Ship Tutorial
587,theshowdowneffect,The Showdown Effect
588,thetypingofthedeadoverkill,The Typing of The Dead Overkill
589,thomaswasalone,Thomas Was Alone
590,timegentlemenplease,"Time Gentlemen, Please!"
591,titanquest,Titan Quest
592,titanquestimmortalthrone,Titan Quest Immortal Throne
593,totalwarshogun2,Total War SHOGUN 2
594,trials2secondedition,Trials 2 Second Edition
595,trine,Trine
596,tropico3steamspecialedition,Tropico 3 - Steam Special Edition
597,unepic,Unepic
598,uplink,Uplink
599,vvvvvv,VVVVVV
600,vampirethemasqueradebloodlines,Vampire The Masquerade - Bloodlines
601,vessel,Vessel
602,waroftheroses,War of the Roses
603,waroftherosesbalancebeta,War of the Roses Balance Beta
604,waroftheroseskingmaker,War of the Roses Kingmaker
605,wargameeuropeanescalation,Wargame European Escalation
606,warlockmasterofthearcane,Warlock - Master of the Arcane
607,warlockmasterofthearcanepowerfullords,Warlock - Master of the Arcane Powerful Lords
608,windosill,Windosill
609,wingsofprey,Wings of Prey
610,wizorb,Wizorb
611,wormsclanwars,Worms Clan Wars
612,zenbound2,Zen Bound 2
613,zenoclash,Zeno Clash
614,zenoclash2,Zeno Clash 2
615,breathofdeathvii,Breath of Death VII 
616,cthulhusavestheworld,Cthulhu Saves the World 
617,dizzel,Dizzel
618,hackerevolution,Hacker Evolution
619,loadout,Loadout
620,scourgeoutbreak,Scourge Outbreak
621,stalkerclearsky,S.T.A.L.K.E.R. Clear Sky
622,silenthunteriii,Silent Hunter III
623,warincbattlezone,War Inc. Battlezone
624,grandtheftautoiv,Grand Theft Auto IV
625,kingdomrush,Kingdom Rush
626,alwayssometimesmonsters,Always Sometimes Monsters
627,blackguards,Blackguards
628,botanicula,Botanicula
629,broforce,Broforce
630,brokensword1shadowofthetemplarsdirectorscut,Broken Sword 1 - Shadow of the Templars Director's Cut
631,carmechanicsimulator2014,Car Mechanic Simulator 2014
632,castlestorm,CastleStorm
633,companyofheroes2,Company of Heroes 2
634,cossacksiinapoleonicwars,Cossacks II Napoleonic Wars
635,fear2projectorigin,F.E.A.R. 2 Project Origin
636,flatout2,FlatOut 2
637,grid2,GRID 2
638,gamedevtycoon,Game Dev Tycoon
639,guardiansofmiddleearth,Guardians of Middle-earth
640,helicoptersimulator2014searchandrescue,Helicopter Simulator 2014 Search and Rescue
641,hostilewatersantaeusrising,Hostile Waters Antaeus Rising
642,humanityasset,Humanity Asset
643,kerbalspaceprogram,Kerbal Space Program
644,legoworlds,LEGO Worlds
645,luftrausers,LUFTRAUSERS
646,littleracersstreet,Little Racers STREET
647,lume,Lume
648,magic2014,Magic 2014 
649,magic2015,Magic 2015
650,magicduels,Magic Duels
651,majesty2,Majesty 2
652,menofwar,Men of War
653,menofwarassaultsquad,Men of War Assault Squad
654,menofwarcondemnedheroes,Men of War Condemned Heroes
655,menofwarredtide,Men of War Red Tide
656,menofwarvietnam,Men of War Vietnam
657,mortalkombatkollection,Mortal Kombat Kollection
658,mortalkombatkompleteedition,Mortal Kombat Komplete Edition
659,oriandtheblindforest,Ori and the Blind Forest
660,pinballfx2,Pinball FX2
661,pixelpiracy,Pixel Piracy
662,raymanlegends,Rayman Legends
663,rocksmith2014,Rocksmith 2014
664,shelter,Shelter
665,sidmeiersacepatrol,Sid Meier's Ace Patrol
666,sidmeiersacepatrolpacificskies,Sid Meier's Ace Patrol Pacific Skies
667,sidmeierspirates,Sid Meier's Pirates!
668,skullsoftheshogun,Skulls of the Shogun
669,spacehulk,Space Hulk
670,speedrunners,SpeedRunners
671,spintires,Spintires
672,stealthinc2,Stealth Inc 2
673,teslaeffect,Tesla Effect
674,theescapists,The Escapists
675,thiswarofmine,This War of Mine
676,tickettoride,Ticket to Ride
677,tickettorideeurope,Ticket to Ride - Europe
678,tickettorideusa1910,Ticket to Ride - USA 1910
679,towerfallascension,TowerFall Ascension
680,vikingbattleforasgard,Viking Battle for Asgard
681,warhammer40000spacemarine,"Warhammer 40,000 Space Marine"
682,warlock2theexiled,Warlock 2 the Exiled
683,wormsrevolution,Worms Revolution
684,3dmark,3DMark
685,3dmarkapioverheadfeaturetest,3DMark API Overhead feature test
686,3dmarkcloudgatebenchmark,3DMark Cloud Gate benchmark
687,3dmarkfirestrikebenchmark,3DMark Fire Strike benchmark
688,3dmarkicestormbenchmark,3DMark Ice Storm benchmark
689,3dmarkskydiverbenchmark,3DMark Sky Diver benchmark
690,arma3,Arma 3
691,arma3zeus,Arma 3 Zeus
692,badrats,Bad Rats
693,battlefieldbadcompany2vietnam,Battlefield Bad Company 2 Vietnam
694,coh2thewesternfrontarmiesoberkommandowest,COH2 - The Western Front Armies Oberkommando West
695,coh2thewesternfrontarmiesusforces,COH2 - The Western Front Armies US Forces
696,dungeondefendersii,Dungeon Defenders II
697,finalfantasyvii,FINAL FANTASY VII
698,planetaryannihilation,Planetary Annihilation
699,planetaryannihilationtitans,Planetary Annihilation TITANS
700,plantsvszombiesgameoftheyear,Plants vs. Zombies Game of the Year
701,sinsofasolarempiretrinity,Sins of a Solar Empire Trinity
702,starwarsbattlefrontii,Star Wars - Battlefront II
703,starwarsknightsoftheoldrepublic,Star Wars Knights of the Old Republic
704,streetfighteriv,Street Fighter IV
705,supremecommander2,Supreme Commander 2
706,worldinconflict,World in Conflict
707,worldinconflictsovietassault,World in Conflict Soviet Assault
708,assassinscreedbrotherhood,Assassin's Creed Brotherhood
709,castlestory,Castle Story
710,clickerheroes,Clicker Heroes
711,dungeonoftheendless,Dungeon of the Endless
712,heroacademy,Hero Academy
713,heroesgenerals,Heroes & Generals
714,nosgoth,Nosgoth
715,pathofexile,Path of Exile
716,strongholdkingdoms,Stronghold Kingdoms
717,taptapinfinity,Tap Tap Infinity
718,timeclickers,Time Clickers
719,dcuniverseonline,DC Universe Online
720,starwarstheforceunleashedii,Star Wars The Force Unleashed II
721,doom3,DOOM 3
722,doom3bfgedition,DOOM 3 BFG Edition
723,doom3resurrectionofevil,DOOM 3 Resurrection of Evil
724,dontstarvereignofgiants,Don't Starve Reign of Giants
725,droplitz,Droplitz
726,dukenukem3dmegatonedition,Duke Nukem 3D Megaton Edition
727,fear,F.E.A.R.
728,fearextractionpoint,F.E.A.R. Extraction Point
729,fearperseusmandate,F.E.A.R. Perseus Mandate
730,fallout3,Fallout 3
731,finaldoom,Final DOOM
732,fromdust,From Dust
733,grid,GRID
734,ghostbustersthevideogame,Ghostbusters The Video Game
735,grandtheftauto,Grand Theft Auto
736,grandtheftauto2,Grand Theft Auto 2
737,grandtheftautoiii,Grand Theft Auto III
738,grandtheftautosanandreas,Grand Theft Auto San Andreas
739,grandtheftautov,Grand Theft Auto V
740,grandtheftautovicecity,Grand Theft Auto Vice City
741,insaniquariumdeluxe,Insaniquarium! Deluxe
742,limbo,LIMBO
743,lostplanet2,Lost Planet 2
744,maxpayne,Max Payne
745,nextcargamesneakpeek20,Next Car Game Sneak Peek 2.0
746,nextcargamewreckfest,Next Car Game Wreckfest
747,painkillerredemption,Painkiller Redemption
748,peggledeluxe,Peggle Deluxe
749,pokernight2,Poker Night 2
750,prey,Prey
751,quake,Quake
752,quakelive,Quake Live
753,redfaction,Red Faction
754,redfactionarmageddonsoundtrack,Red Faction Armageddon Soundtrack
755,redfactionii,Red Faction II
756,residentevil5biohazard5,Resident Evil 5 / Biohazard 5
757,riseofthetriad,Rise of the Triad
758,rysesonofrome,Ryse Son of Rome
759,segagenesismegadriveclassics,SEGA Genesis & Mega Drive Classics
760,shadowwarriorclassicredux,Shadow Warrior Classic Redux
761,sniperelite3,Sniper Elite 3
762,spelunky,Spelunky
763,starwarsjediknightiijedioutcast,Star Wars - Jedi Knight II Jedi Outcast
764,starwarsjediknightmysteriesofthesith,Star Wars - Jedi Knight Mysteries of the Sith
765,starwarsdarkforces,Star Wars Dark Forces
766,starwarsjediknightdarkforcesii,Star Wars Jedi Knight Dark Forces II
767,starwarsjediknightjediacademy,Star Wars Jedi Knight Jedi Academy
768,strikesuitinfinity,Strike Suit Infinity
769,strikesuitzero,Strike Suit Zero
770,talesfromspacemutantblobsattack,Tales from Space Mutant Blobs Attack
771,thebindingofisaacrebirth,The Binding of Isaac Rebirth
772,theultimatedoom,The Ultimate DOOM
773,wolfensteintheneworder,Wolfenstein The New Order
774,wolfensteintheoldblood,Wolfenstein The Old Blood 
775,zombiesmonstersrobots,Zombies Monsters Robots
776,deadislandepidemic,Dead Island Epidemic
777,defiance,Defiance
778,hawken,HAWKEN
779,marvelheroes2015,Marvel Heroes 2015
780,warframe,Warframe
781,sin,SiN
782,sinepisodesemergence,SiN Episodes Emergence
783,sinmultiplayer,SiN Multiplayer
784,besiege,Besiege
785,commandos2menofcourage,Commandos 2 Men of Courage
786,commandos3destinationberlin,Commandos 3 Destination Berlin
787,commandosbehindenemylines,Commandos Behind Enemy Lines
788,commandosbeyondthecallofduty,Commandos Beyond the Call of Duty
789,f12011,F1 2011
790,trialsevolutiongoldedition,Trials Evolution Gold Edition
791,alienbreed3descent,Alien Breed 3 Descent
792,alienbreedimpact,Alien Breed Impact
793,blackmesa,Black Mesa
794,blacklightretribution,Blacklight Retribution
795,bloodlinechampions,Bloodline Champions
796,brawlhalla,Brawlhalla
797,chains,Chains
798,dirtybomb,Dirty Bomb
799,farcry,Far Cry
800,grandtheftautoepisodesfromlibertycity,Grand Theft Auto Episodes from Liberty City
801,h1z1,H1Z1
802,h1z1testserver,H1Z1 Test Server
803,reignofkings,Reign Of Kings
804,rocksmith,Rocksmith
805,showerwithyourdadsimulator2015doyoustillshowerwithyourdad,Shower With Your Dad Simulator 2015 Do You Still Shower With Your Dad
806,superhexagon,Super Hexagon
807,tera,TERA
808,thewitcherenhancededition,The Witcher Enhanced Edition
809,ultrastreetfighteriv,Ultra Street Fighter IV
810,archeage,ArcheAge
811,arma2britisharmedforces,Arma 2 British Armed Forces
812,arma2dayzmod,Arma 2 DayZ Mod
813,arma2privatemilitarycompany,Arma 2 Private Military Company
814,arma3helicopters,Arma 3 Helicopters
815,arma3karts,Arma 3 Karts
816,arma3marksmen,Arma 3 Marksmen
817,everquestii,EverQuest II
818,ghostmaster,Ghost Master
819,rush,RUSH
820,reus,Reus
821,tokitori,Toki Tori
822,aliensvspredator,Aliens vs. Predator
823,codenamegordon,Codename Gordon
824,copapetrobrasdemarcas,Copa Petrobras de Marcas
825,fallout2,Fallout 2
826,fallouttactics,Fallout Tactics
827,wargameairlandbattle,Wargame AirLand Battle
828,dungeonsiegeiii,Dungeon Siege III
829,bastion,Bastion
830,totalwarromeiiemperoredition,Total War ROME II - Emperor Edition
831,aion,Aion
832,dcsworld,DCS World
833,il2sturmovik1946,IL-2 Sturmovik 1946
834,il2sturmovikcliffsofdover,IL-2 Sturmovik Cliffs of Dover
835,neotokyo,NEOTOKYO
836,riseofflightunited,Rise of Flight United
837,simplychess,Simply Chess
838,takeonhelicopters,Take On Helicopters
839,takedownredsabre,Takedown Red Sabre
840,tomclancysghostreconphantomsna,Tom Clancy's Ghost Recon Phantoms - NA
841,worldofgunsgundisassembly,World of Guns Gun Disassembly
842,enclave,Enclave
843,anno2070,Anno 2070
844,constructionsimulator2015,Construction-Simulator 2015
845,crafttheworld,Craft The World
846,gnomoria,Gnomoria
847,godus,Godus
848,patricianivsteamspecialedition,Patrician IV Steam Special Edition
849,planetbase,Planetbase
850,polybridge,Poly Bridge
851,portroyale3,Port Royale 3
852,rpgmakervxace,RPG Maker VX Ace
853,tropico5,Tropico 5
854,windward,Windward
855,borderlands2headhunter1bloodyharvest,Borderlands 2 Headhunter 1 Bloody Harvest
856,borderlands2headhunter2wattlegobbler,Borderlands 2 Headhunter 2 Wattle Gobbler
857,borderlands2headhunter3mercenaryday,Borderlands 2 Headhunter 3 Mercenary Day
858,borderlands2headhunter4weddingdaymassacre,Borderlands 2 Headhunter 4 Wedding Day Massacre
859,borderlandsthepresequel,Borderlands The Pre-Sequel
860,deadislandriptide,Dead Island Riptide
861,panzar,Panzar
862,assettocorsa,Assetto Corsa
863,batmanarkhamasylum,Batman Arkham Asylum
864,batmanarkhamknight,Batman Arkham Knight
865,batmanarkhamoriginsonlinesupplydrop1,Batman Arkham Origins -  Online Supply Drop 1
866,batmanarkhamoriginsinfiniteearthsskinspack,Batman Arkham Origins - Infinite Earths Skins Pack
867,batmanarkhamoriginsinitiation,Batman Arkham Origins - Initiation
868,batmanarkhamoriginsnewmillenniumskinspack,Batman Arkham Origins - New Millennium Skins Pack
869,batmanarkhamoriginsonlinesupplydrop2,Batman Arkham Origins - Online Supply Drop 2
870,batmanarkhamoriginsblackgatedeluxeedition,Batman Arkham Origins Blackgate - Deluxe Edition
871,battlestationsmidway,Battlestations Midway
872,battlestationspacific,Battlestations Pacific
873,busdriver,Bus Driver
874,crysis2,Crysis 2
875,dirt2,DiRT 2
876,drlangeskovthetigerandtheterriblycursedemeraldawhirlwindheist,"Dr. Langeskov, The Tiger, and The Terribly Cursed Emerald A Whirlwind Heist"
877,emilyisaway,Emily is Away
878,eurotrucksimulator,Euro Truck Simulator
879,eurotrucksimulator2goingeast,Euro Truck Simulator 2 - Going East!
880,eurotrucksimulator2icecoldpaintjobspack,Euro Truck Simulator 2 - Ice Cold Paint Jobs Pack
881,f12010,F1 2010
882,gridautosport,GRID Autosport
883,gtpowerexpansion,GT Power Expansion
884,gtrevolution,GTR Evolution
885,hitman2silentassassin,Hitman 2 Silent Assassin
886,hitmanbloodmoney,Hitman Blood Money
887,hitmancodename47,Hitman Codename 47
888,homeworldremasteredcollection,Homeworld Remastered Collection
889,justcause,Just Cause
890,kanelynchdeadmen,Kane & Lynch Dead Men
891,minininjas,Mini Ninjas
892,peggleextreme,Peggle Extreme
893,race07,RACE 07
894,race07formularaceroomaddon,RACE 07 - Formula RaceRoom Add-On
895,raceon,RACE On
896,scaniatruckdrivingsimulator,Scania Truck Driving Simulator
897,tombraiderlegend,Tomb Raider Legend
898,tombraiderunderworld,Tomb Raider Underworld
899,archeblade,Archeblade
900,bullyscholarshipedition,Bully Scholarship Edition
901,legothelordoftherings,LEGO The Lord of the Rings
902,eternalsilence,Eternal Silence
903,firefall,Firefall
904,halflife2update,Half-Life 2 Update
905,letthecatin,Let the Cat In
906,ageofconanunchainedeuversion,Age of Conan Unchained - EU version
907,americasarmyprovinggrounds,America's Army Proving Grounds
908,fearonline,F.E.A.R. Online
909,sinsofadarkage,Sins of a Dark Age
910,thelordoftheringsonline,The Lord of the Rings Online
911,tomclancysghostreconphantomseu,Tom Clancy's Ghost Recon Phantoms - EU
912,cryptofthenecrodancer,Crypt of the NecroDancer
913,farmingsimulator2013,Farming Simulator 2013
914,grimdawn,Grim Dawn
915,maplestory,MapleStory
916,starconflict,Star Conflict
917,stronghold3,Stronghold 3
918,trainzsimulator12,Trainz Simulator 12
919,alienisolation,Alien Isolation
920,bioniccommandorearmed,Bionic Commando Rearmed
921,citiesinmotion2,Cities in Motion 2
922,divinesouls,Divine Souls
923,evgaprecisionx16,EVGA PrecisionX 16
924,finalfantasyxivarealmreborn,FINAL FANTASY XIV A Realm Reborn
925,gunz2thesecondduel,GunZ 2 The Second Duel
926,lostplanet3,Lost Planet 3
927,maxpayne3seasonpass,Max Payne 3 Season Pass
928,rememberme,Remember Me
929,solforge,SolForge
930,thebureauxcomdeclassified,The Bureau XCOM Declassified
931,tomclancysrainbowsixvegas,Tom Clancy's Rainbow Six Vegas
932,borderlands2ru,Borderlands 2 RU
933,citiesxl2012,Cities XL 2012
934,democracy3,Democracy 3
935,eveonline,EVE Online
936,elitedangerous,Elite Dangerous
937,justcause3,Just Cause 3
938,microsoftflightsimulatorxsteamedition,Microsoft Flight Simulator X Steam Edition
939,starwarsempireatwargold,Star Wars Empire at War Gold
940,supremecommander2infinitewarbattlepackone,Supreme Commander 2 - Infinite War Battle Pack One
941,tomclancysrainbowsixvegas2,Tom Clancy's Rainbow Six Vegas 2
942,trainsimulator,Train Simulator
943,warhammer40000dawnofwargameoftheyearedition,"Warhammer 40,000 Dawn of War - Game of the Year Edition"
944,ageofmythologyextendededition,Age of Mythology Extended Edition
945,aceofspades,Ace of Spades
946,bejeweled3,Bejeweled 3
947,echoofsoul,Echo of Soul
948,fableanniversary,Fable Anniversary
949,fallout3gameoftheyearedition,Fallout 3 - Game of the Year Edition
950,godmode,God Mode
951,pegglenights,Peggle Nights
952,postapocalypticmayhem,Post Apocalyptic Mayhem
953,requiem,Requiem
954,systemshock2,System Shock 2
955,theelderscrollsiiimorrowind,The Elder Scrolls III Morrowind
956,warhammer40000dawnofwariiretribution,"Warhammer 40,000 Dawn of War II  Retribution"
957,watchdogs,Watch_Dogs
958,racecaterhamexpansion,RACE Caterham Expansion
959,racethewtccgame,Race The WTCC Game
960,thecrew,The Crew
961,99levelstohell,99 Levels To Hell
962,angryvideogamenerdadventures,Angry Video Game Nerd Adventures
963,anomaly2,Anomaly 2
964,ballpointuniverseinfinite,Ballpoint Universe Infinite
965,bridgeconstructor,Bridge Constructor
966,chantelise,Chantelise
967,commanderkeencompletepack,Commander Keen Complete Pack
968,cookservedelicious,"Cook, Serve, Delicious!"
969,dragonballxenoverse,DRAGON BALL XENOVERSE
970,dungeonssteamspecialedition,DUNGEONS - Steam Special Edition
971,defendersquestvalleyoftheforgotten,Defender's Quest Valley of the Forgotten
972,distance,Distance
973,gauntlet,Gauntlet 
974,globalagenda,Global Agenda
975,handoffate,Hand Of Fate
976,herosiege,Hero Siege
977,hotlinemiami2wrongnumber,Hotline Miami 2 Wrong Number
978,knightsofpenandpaper1,Knights of Pen and Paper +1
979,lichdombattlemage,Lichdom Battlemage
980,metalslug3,METAL SLUG 3
981,mxvsatvreflex,MX vs. ATV Reflex
982,magicite,Magicite
983,mercenarykings,Mercenary Kings
984,middleearthshadowofmordor,Middle-earth Shadow of Mordor
985,mondaynightcombat,Monday Night Combat
986,mountyourfriends,Mount Your Friends
987,nationred,Nation Red
988,needforspeedundercover,Need for Speed Undercover
989,neveralonekisimaingitchuna,Never Alone (Kisima Ingitchuna)
990,notgtav,NotGTAV
991,nuclearthrone,Nuclear Throne
992,onewayheroics,One Way Heroics
993,pressure,Pressure
994,rampageknights,Rampage Knights
995,recettearanitemshopstale,Recettear An Item Shop's Tale
996,robotrollerderbydiscododgeball,Robot Roller-Derby Disco Dodgeball
997,rollercoastertycoon3platinum,RollerCoaster Tycoon 3 Platinum!
998,sacredcitadel,Sacred Citadel
999,sangfroidtalesofwerewolves,Sang-Froid - Tales of Werewolves
1000,skullgirls,Skullgirls
1001,skullgirlsendlessbeta,Skullgirls Endless Beta
1002,southparkthestickoftruthsupersamuraispacemanpack,South Park The Stick of Truth - Super Samurai Spaceman Pack
1003,southparkthestickoftruthultimatefellowshippack,South Park The Stick of Truth - Ultimate Fellowship Pack
1004,strikevector,Strike Vector
1005,tabletopsimulator,Tabletop Simulator
1006,thebridge,The Bridge
1007,theevilwithin,The Evil Within
1008,thehatmanshadowward,The Hat Man Shadow Ward
1009,thejackboxpartypack,The Jackbox Party Pack
1010,theybleedpixels,They Bleed Pixels
1011,townofsalem,Town of Salem
1012,uncrowded,Uncrowded
1013,volgarrtheviking,Volgarr the Viking
1014,waveform,Waveform
1015,worms,Worms
1016,wormsblast,Worms Blast
1017,wormspinball,Worms Pinball
1018,wormsultimatemayhem,Worms Ultimate Mayhem
1019,alienscolonialmarines,Aliens Colonial Marines
1020,tomclancyssplintercelldoubleagent,Tom Clancy's Splinter Cell Double Agent
1021,universeatwarearthassault,Universe at War Earth Assault
1022,deadspace2,Dead Space 2
1023,starwarsstarfighter,Star Wars Starfighter
1024,thelastremnant,The Last Remnant
1025,alicemadnessreturns,Alice Madness Returns
1026,assassinscreed,Assassin's Creed
1027,beamngdrive,BeamNG.drive
1028,carmechanicsimulator2015,Car Mechanic Simulator 2015
1029,carmechanicsimulator2015youngtimer,Car Mechanic Simulator 2015 - Youngtimer
1030,castlevanialordsofshadowultimateedition,Castlevania Lords of Shadow - Ultimate Edition
1031,commandandconquer3kaneswrath,Command and Conquer 3 Kane's Wrath
1032,commandandconquer3tiberiumwars,Command and Conquer 3 Tiberium Wars
1033,commandandconquer4tiberiantwilight,Command and Conquer 4 Tiberian Twilight
1034,commandandconquerredalert3,Command and Conquer Red Alert 3
1035,defensegrid2amatterofendurance,Defense Grid 2 A Matter of Endurance
1036,dragonageorigins,Dragon Age Origins
1037,earth2160,Earth 2160
1038,evilgenius,Evil Genius
1039,f12012,F1 2012
1040,finalfantasyxiii,FINAL FANTASY XIII
1041,fablethelostchapters,Fable - The Lost Chapters
1042,farmingsimulator15,Farming Simulator 15
1043,farmingsimulator2011,Farming Simulator 2011
1044,forge,Forge
1045,greedcorp,Greed Corp
1046,howtosurvive,How to Survive
1047,impire,Impire
1048,ironbrigade,Iron Brigade
1049,kingarthurcollection,King Arthur Collection
1050,krater,Krater
1051,legostarwarssaga,Lego Star Wars Saga
1052,metalgearrisingrevengeance,METAL GEAR RISING REVENGEANCE
1053,madmax,Mad Max
1054,marswarlogs,Mars War Logs
1055,needforspeedhotpursuit,Need for Speed Hot Pursuit
1056,oforcsandmen,Of Orcs And Men
1057,oilrush,Oil Rush
1058,papoyo,Papo & Yo
1059,penumbrablackplague,Penumbra Black Plague
1060,penumbrarequiem,Penumbra Requiem
1061,primeworlddefenders,Prime World Defenders
1062,qubedirectorscut,Q.U.B.E Director's Cut
1063,qube,Q.U.B.E.
1064,quantumconundrum,Quantum Conundrum
1065,stccthegame,STCC The Game
1066,shift2unleashed,Shift 2 Unleashed
1067,spaceengineers,Space Engineers
1068,spellforce2goldedition,SpellForce 2 Gold Edition
1069,spellforceplatinumedition,SpellForce Platinum Edition
1070,starwarsrepubliccommando,Star Wars Republic Commando
1071,superbrothersswordsworceryep,Superbrothers Sword & Sworcery EP
1072,talesofmonkeyislandchapter1launchofthescreamingnarwhal,Tales of Monkey Island Chapter 1 - Launch of the Screaming Narwhal
1073,talesofmonkeyislandchapter2thesiegeofspinnercay,Tales of Monkey Island Chapter 2 - The Siege of Spinner Cay 
1074,talesofmonkeyislandchapter3lairoftheleviathan,Tales of Monkey Island Chapter 3 - Lair of the Leviathan 
1075,talesofmonkeyislandchapter4thetrialandexecutionofguybrushthreepwood,Tales of Monkey Island Chapter 4 - The Trial and Execution of Guybrush Threepwood 
1076,talesofmonkeyislandchapter5riseofthepirategod,Tales of Monkey Island Chapter 5 - Rise of the Pirate God
1077,thelegomovievideogame,The LEGO Movie - Videogame
1078,transformerswarforcybertron,Transformers War for Cybertron
1079,valkyriachronicles,Valkyria Chronicles
1080,valkyriachronicleschallengeoftheedydetachment,Valkyria Chronicles Challenge of the Edy Detachment
1081,valkyriachroniclesedysmissionentertheedydetachment,Valkyria Chronicles Edy's Mission Enter the Edy Detachment
1082,valkyriachronicleshardexmode,Valkyria Chronicles Hard EX Mode
1083,valkyriachroniclesselveriasmissionbehindherblueflame,Valkyria Chronicles Selveria's Mission Behind Her Blue Flame
1084,youneedabudget4ynab,You Need A Budget 4 (YNAB)
1085,crowhuntertrapperclass,Crow - Hunter (Trapper Class)
1086,evolve,Evolve
1087,greygoo,Grey Goo
1089,ruse,R.U.S.E.
1090,adventurecapitalist,AdVenture Capitalist
1091,curseofmermos,Curse of Mermos
1092,trove,Trove
1093,warmode,WARMODE
1094,amongthesleep,Among the Sleep
1095,companyofheroes2ardennesassault,Company of Heroes 2 - Ardennes Assault
1096,crysis,Crysis
1097,europauniversalisiv,Europa Universalis IV
1098,fracturedspace,Fractured Space
1099,galacticcivilizationsiii,Galactic Civilizations III
1100,gameofthronesatelltalegamesseries,Game of Thrones - A Telltale Games Series
1101,infestedplanet,Infested Planet
1102,outlastwhistleblowerdlc,Outlast Whistleblower DLC
1103,plagueincevolved,Plague Inc Evolved
1104,riskfactions,RISK Factions
1105,sinsofasolarempirerebellion,Sins of a Solar Empire Rebellion
1106,sinsofasolarempirerebellionstellarphenomenadlc,Sins of a Solar Empire Rebellion - Stellar Phenomena DLC
1107,sinsofasolarempirerebellionforbiddenworlds,Sins of a Solar Empire Rebellion Forbidden Worlds
1108,stateofdecaybreakdown,State of Decay - Breakdown
1109,stateofdecaylifeline,State of Decay - Lifeline
1110,theelderscrollsivoblivion,The Elder Scrolls IV Oblivion 
1111,totalwarshogun2fallofthesamurai,Total War SHOGUN 2 - Fall of the Samurai
1112,valiantheartsthegreatwarsoldatsinconnusmmoiresdelagrandeguerre,Valiant Hearts The Great War / Soldats Inconnus  Mmoires de la Grande Guerre
1113,x3reunion,X3 Reunion
1114,estrangedacti,Estranged Act I
1115,serena,Serena
1116,callofjuarezboundinblood,Call of Juarez Bound in Blood
1117,leadandgoldgangsofthewildwest,Lead and Gold - Gangs of the Wild West
1118,devilmaycry4,Devil May Cry 4
1119,darksidersiideathinitiveedition,Darksiders II Deathinitive Edition
1120,darksidersiisoundtrack,Darksiders II Soundtrack
1121,darksiderssoundtrack,Darksiders Soundtrack
1122,dungeondefenderseternity,Dungeon Defenders Eternity
1123,enslavedodysseytothewestpremiumedition,ENSLAVED Odyssey to the West Premium Edition
1124,finalfantasyxiii2,FINAL FANTASY XIII-2
1125,hitmancontracts,Hitman Contracts
1126,ionball2ionstorm,Ionball 2  Ionstorm
1127,lordsofthefallen,Lords Of The Fallen
1128,startopia,Startopia
1129,binarydomain,Binary Domain
1130,bloodbowl2,Blood Bowl 2
1131,deadlypremonitionthedirectorscut,Deadly Premonition The Director's Cut
1132,doorkickers,Door Kickers
1133,f12013,F1 2013
1134,f12015,F1 2015
1135,farcry4,Far Cry 4
1136,gamemakerstudio,GameMaker Studio
1137,heartsofironiii,Hearts of Iron III
1138,indianajonesandthefateofatlantis,Indiana Jones and the Fate of Atlantis
1139,indianajonesandthelastcrusade,Indiana Jones and the Last Crusade
1140,kingdomwars,Kingdom Wars
1141,loom,Loom
1142,markoftheninjaspecialeditiondlc,Mark of the Ninja Special Edition DLC
1143,mountbladewithfireandsword,Mount & Blade With Fire and Sword
1144,nba2k13,NBA 2K13
1145,nosferatuthewrathofmalachi,Nosferatu The Wrath of Malachi
1146,projectcars,Project CARS
1147,rollercoastertycoon2triplethrillpack,RollerCoaster Tycoon 2 Triple Thrill Pack
1148,rollercoastertycoondeluxe,RollerCoaster Tycoon Deluxe
1149,stalkercallofpripyat,S.T.A.L.K.E.R. Call of Pripyat
1150,sleepingdogsdefinitiveedition,Sleeping Dogs Definitive Edition
1151,spore,Spore
1152,sporecreepycutepartspack,Spore Creepy & Cute Parts Pack
1153,sporegalacticadventures,Spore Galactic Adventures
1154,thedig,The Dig
1155,tomclancyssplintercell,Tom Clancy's Splinter Cell
1156,tomclancyssplintercellchaostheory,Tom Clancy's Splinter Cell Chaos Theory
1157,wargamereddragon,Wargame Red Dragon
1158,footballmanager2013,Football Manager 2013
1159,footballmanager2014,Football Manager 2014
1160,footballmanager2015,Football Manager 2015
1161,footballmanager2016,Football Manager 2016
1162,sidmeierscivilizationvscrambledcontinentsmappack,Sid Meier's Civilization V Scrambled Continents Map Pack
1163,warmachinetactics,Warmachine Tactics
1164,bittripbeat,BIT.TRIP BEAT
1165,bittrippresentsrunner2futurelegendofrhythmalien,BIT.TRIP Presents... Runner2 Future Legend of Rhythm Alien
1166,deadrising2,Dead Rising 2
1167,doubledragonneon,Double Dragon Neon
1168,flatoutultimatecarnage,FlatOut Ultimate Carnage
1169,kungfury,Kung Fury
1170,onefingerdeathpunch,One Finger Death Punch
1171,returntocastlewolfenstein,Return to Castle Wolfenstein
1172,thinkingwithtimemachine,Thinking with Time Machine
1173,boundbyflame,Bound By Flame
1174,contagion,Contagion
1175,crusaderkingsiisonsofabraham,Crusader Kings II Sons of Abraham
1176,dawnofdiscovery,Dawn of Discovery
1177,deusexhumanrevolutiondirectorscut,Deus Ex Human Revolution - Director's Cut
1178,disciplesiiirenaissance,Disciples III Renaissance
1179,divinedivinity,Divine Divinity
1180,endlessspace,Endless Space
1181,europauniversalisivamericandreamdlc,Europa Universalis IV American Dream DLC
1182,europauniversalisivconquestofparadise,Europa Universalis IV Conquest of Paradise
1183,europauniversalisivconquistadorsunitpack,Europa Universalis IV Conquistadors Unit pack 
1184,grandagesrome,Grand Ages Rome
1185,huntedthedemonsforge,Hunted The Demon's Forge
1186,kingarthurtheroleplayingwargame,King Arthur - The Role-playing Wargame
1187,kingsbountythelegend,King's Bounty The Legend
1188,knightsofhonor,Knights of Honor
1189,mightmagicxlegacy,Might & Magic X - Legacy 
1190,mountblade,Mount & Blade
1191,mountbladewarbandnapoleonicwars,Mount & Blade Warband - Napoleonic Wars
1192,mountbladewarbandvikingconquestreforgededition,Mount & Blade Warband - Viking Conquest Reforged Edition
1193,nba2k14,NBA 2K14
1194,nba2k15,NBA 2K15
1195,nba2k16,NBA 2K16
1196,nether,Nether
1197,proevolutionsoccer2015,Pro Evolution Soccer 2015
1198,rebelgalaxy,Rebel Galaxy
1199,residentevil6biohazard6,Resident Evil 6 / Biohazard 6
1200,skyrimscriptextenderskse,Skyrim Script Extender (SKSE)
1201,starruler,Star Ruler
1202,starwarstheforceunleashedultimatesithedition,Star Wars The Force Unleashed Ultimate Sith Edition
1203,stardrive,StarDrive
1204,starpointgemini2,Starpoint Gemini 2
1205,theguildiipiratesoftheeuropeanseas,The Guild II - Pirates of the European Seas
1206,theguildiirenaissance,The Guild II Renaissance
1207,thesettlers7pathstoakingdomgoldedition,The Settlers 7 Paths to a Kingdom - Gold Edition
1208,twoworldsepicedition,Two Worlds Epic Edition
1209,ufoafterlight,UFO Afterlight
1210,xrebirth,X Rebirth
1211,x3albionprelude,X3 Albion Prelude
1212,x3terranconflict,X3 Terran Conflict
1213,xenonauts,Xenonauts
1214,speedball2tournament,Speedball 2 Tournament
1215,bunchofheroes,Bunch Of Heroes
1216,anewbeginningfinalcut,A New Beginning - Final Cut
1217,avaallianceofvaliantarms,A.V.A - Alliance of Valiant Arms
1218,altitude,Altitude
1219,betrayer,Betrayer
1220,borderlands2headhunter5sonofcrawmerax,Borderlands 2 Headhunter 5 Son of Crawmerax
1221,capsized,Capsized
1222,chime,Chime
1223,crossfireeurope,Crossfire Europe
1224,deponia,Deponia
1225,dishonoredru,Dishonored (RU)
1226,ednaharveyharveysneweyes,Edna & Harvey Harvey's New Eyes
1227,eets,Eets
1228,englishcountrytune,English Country Tune
1229,fuel,FUEL
1230,hazardops,Hazard Ops
1231,intrusion2,Intrusion 2
1232,magicthegatheringduelsoftheplaneswalkers2012,Magic The Gathering  Duels of the Planeswalkers 2012
1233,magicka2,Magicka 2
1234,magickafinalfrontier,Magicka Final Frontier
1235,magickafrozenlake,Magicka Frozen Lake
1236,magickaholidayspirititempack,Magicka Holiday Spirit Item Pack 
1237,magickapartyrobes,Magicka Party Robes
1238,magickathewatchtower,Magicka The Watchtower
1239,nikopolsecretsoftheimmortals,Nikopol Secrets of the Immortals
1240,quakeiiiarena,Quake III Arena
1241,quakeiiiteamarena,Quake III Team Arena
1242,risen,Risen
1243,starseedpilgrim,Starseed Pilgrim
1244,thelongestjourney,The Longest Journey
1245,thepolynomial,The Polynomial
1246,thesecretworld,The Secret World
1247,thevoid,The Void
1248,thewhisperedworldspecialedition,The Whispered World Special Edition
1249,tinyandbiggrandpasleftovers,Tiny and Big Grandpa's Leftovers
1250,trackmaniaunited,TrackMania United
1251,armagoldedition,Arma Gold Edition
1252,assassinscreedivblackflag,Assassin's Creed IV Black Flag
1253,beyonddivinity,Beyond Divinity
1254,callofcthulhudarkcornersoftheearth,Call of Cthulhu Dark Corners of the Earth
1255,devilmaycry3specialedition,Devil May Cry 3 Special Edition
1256,devilian,Devilian
1257,dungeonsiege,Dungeon Siege
1258,dungeonsiege2,Dungeon Siege 2
1259,freetoplay,Free to Play
1260,shipsimulatorextremes,Ship Simulator Extremes
1261,starforge,StarForge
1262,thechroniclesofriddickassaultondarkathena,The Chronicles of Riddick Assault on Dark Athena
1263,thevanishingofethancarter,The Vanishing of Ethan Carter
1264,thevanishingofethancarterredux,The Vanishing of Ethan Carter Redux
1265,totalwarbattlesshogun,Total War Battles SHOGUN
1266,warhammer40000dawnofwardarkcrusade,"Warhammer 40,000 Dawn of War  Dark Crusade"
1267,warhammer40000dawnofwarsoulstorm,"Warhammer 40,000 Dawn of War  Soulstorm"
1268,warhammer40000dawnofwarwinterassault,"Warhammer 40,000 Dawn of War  Winter Assault"
1269,dragonnest,Dragon Nest
1270,fistfuloffrags,Fistful of Frags
1271,quake4,Quake 4
1272,narcissu1st2nd,Narcissu 1st & 2nd
1273,neverwinter,Neverwinter
1274,afterfallinsanityextendededition,Afterfall InSanity Extended Edition
1275,airbuccaneers,AirBuccaneers
1276,alchemymysteriespraguelegends,Alchemy Mysteries Prague Legends
1277,anodyne,Anodyne
1278,beep,BEEP
1279,blur,Blur
1280,brokensword5theserpentscurse,Broken Sword 5 - the Serpent's Curse
1281,crashtimeii,Crash Time II
1282,crazymachines2,Crazy Machines 2
1283,detour,DETOUR
1284,damned,Damned
1285,deponiathecompletejourney,Deponia The Complete Journey
1286,dogfight1942,Dogfight 1942
1287,dreamfallchapters,Dreamfall Chapters
1288,dustforce,Dustforce
1289,forced,FORCED
1290,gravilon,Gravilon
1291,grimlegendstheforsakenbride,Grim Legends The Forsaken Bride
1292,growhome,Grow Home
1293,incredipede,Incredipede
1294,jurassicparkthegame,Jurassic Park The Game
1295,kanelynch2dogdays,Kane & Lynch 2 Dog Days
1296,murderedsoulsuspect,MURDERED SOUL SUSPECT
1297,metro2033redux,Metro 2033 Redux
1298,metrolastlightredux,Metro Last Light Redux
1299,obulis,Obulis
1300,organtraildirectorscut,Organ Trail Director's Cut
1301,pid,Pid 
1302,reallybigsky,Really Big Sky
1303,rocketbirdshardboiledchicken,Rocketbirds Hardboiled Chicken
1304,stormfrontlinenation,STORM Frontline Nation
1305,sammax101cultureshock,Sam & Max 101 Culture Shock
1306,sammax102situationcomedy,Sam & Max 102 Situation Comedy
1307,sammax103themolethemobandthemeatball,"Sam & Max 103 The Mole, the Mob and the Meatball"
1308,sammax104abelincolnmustdie,Sam & Max 104 Abe Lincoln Must Die!
1309,sammax105reality20,Sam & Max 105 Reality 2.0
1310,sammax106brightsideofthemoon,Sam & Max 106 Bright Side of the Moon
1311,singularity,Singularity
1312,sinistercity,Sinister City
1313,thebardstale,The Bard's Tale
1314,thebasementcollection,The Basement Collection
1315,thebeginnersguide,The Beginner's Guide
1316,thebookofunwrittentales,The Book of Unwritten Tales
1317,themaw,The Maw
1318,thenovelist,The Novelist
1319,thetinybangstory,The Tiny Bang Story
1320,tombraidervitheangelofdarkness,Tomb Raider (VI) The Angel of Darkness
1321,tombraiderchronicles,Tomb Raider Chronicles
1322,tombraideri,Tomb Raider I
1323,tombraiderii,Tomb Raider II
1324,tombraideriiiadventuresoflaracroft,Tomb Raider III Adventures of Lara Croft
1325,tombraiderthelastrevelation,Tomb Raider The Last Revelation
1326,towerwars,Tower Wars
1327,towns,Towns
1328,toysoldiers,Toy Soldiers
1329,trackmaniastadium,TrackMania Stadium
1330,valdisstoryabyssalcity,Valdis Story Abyssal City
1331,vertiginousgolf,Vertiginous Golf
1332,ibbobb,ibb & obb
1333,8bitboy,8BitBoy
1334,avirusnamedtom,A Virus Named TOM
1335,acearenacyberevolution,ACE - Arena Cyber Evolution
1336,adventuresofshuggy,Adventures of Shuggy
1337,anachronox,Anachronox
1338,anoxemia,Anoxemia
1339,avencast,Avencast
1340,battlepaths,Battlepaths
1341,bionicdues,Bionic Dues
1342,blocknload,Block N Load
1343,blockstorm,Blockstorm
1344,bloodofold,Blood of Old
1345,bloodrealmbattlegrounds,BloodRealm Battlegrounds
1346,bloop,Bloop
1347,canyoncapers,Canyon Capers
1348,cardhunter,Card Hunter
1349,chaosdomain,Chaos Domain
1350,chaosondeponia,Chaos on Deponia
1351,chip,Chip
1352,commanderconquestoftheamericasgold,Commander Conquest of the Americas Gold
1353,commandojack,Commando Jack
1354,crazytaxi,Crazy Taxi
1355,cryoffear,Cry of Fear
1356,cultofthewind,Cult of the Wind
1357,dipripwarmup,D.I.P.R.I.P. Warm Up
1358,daikatana,Daikatana
1359,deadbits,Dead Bits
1360,deusexthefall,Deus Ex The Fall
1361,divinitydragoncommander,Divinity Dragon Commander
1362,dragonageoriginscharactercreator,Dragon Age Origins Character Creator
1363,dreamofmirroronline,Dream Of Mirror Online
1364,earth2150lostsouls,Earth 2150 Lost Souls
1365,earth2150themoonproject,Earth 2150 The Moon Project
1366,eastindiacompanygold,East India Company Gold
1367,electronicsuperjoy,Electronic Super Joy
1368,enemymind,Enemy Mind
1369,fallenenchantresslegendaryheroes,Fallen Enchantress Legendary Heroes
1370,freedomplanet,Freedom Planet
1371,frozenhearth,Frozen Hearth
1372,fullmojorampage,Full Mojo Rampage
1373,gangbeasts,Gang Beasts
1374,goodbyedeponia,Goodbye Deponia
1375,gorky17,Gorky 17
1376,grimm,Grimm
1377,guildwars,Guild Wars
1378,gunmonkeys,Gun Monkeys
1379,hoard,HOARD
1380,heroesofmightmagiciiihdedition,Heroes of Might & Magic III - HD Edition
1381,hyperfighters,Hyper Fighters
1382,joedanger2themovie,Joe Danger 2 The Movie
1383,kickbeatsteamedition,KickBeat Steam Edition
1384,killingfloortoymaster,Killing Floor - Toy Master
1385,knightshift,KnightShift
1386,knightsandmerchants,Knights and Merchants
1387,kungfustrikethewarriorsrise,Kung Fu Strike The Warrior's Rise
1388,legendary,Legendary
1389,litildivil,Litil Divil
1390,lucius,Lucius
1391,magicthegatheringduelsoftheplaneswalkers,Magic The Gathering - Duels of the Planeswalkers
1392,magicthegatheringduelsoftheplaneswalkers2013,Magic The Gathering - Duels of the Planeswalkers 2013
1393,marinesharpshooteriijunglewarfare,Marine Sharpshooter II Jungle Warfare
1394,mechanicescape,Mechanic Escape
1395,memoriesofavagabond,Memories of a Vagabond
1396,mightmagicclashofheroes,Might & Magic Clash of Heroes
1397,mightmagicduelofchampions,Might & Magic Duel of Champions
1398,nux,Nux
1399,orborun,Orborun
1400,outtheresomewhere,Out There Somewhere
1401,outland,Outland
1402,overcastwaldenandthewerewolf,Overcast - Walden and the Werewolf
1403,overgrowth,Overgrowth
1404,pacmanchampionshipeditiondx,PAC-MAN Championship Edition DX+
1405,particula,Particula
1406,piratesofblackcovegold,Pirates of Black Cove Gold
1407,pixelpuzzlesjapan,Pixel Puzzles Japan
1408,platypusii,Platypus II
1409,portal2sixenseperceptualpack,Portal 2 Sixense Perceptual Pack
1410,primalcarnageextinction,Primal Carnage Extinction
1411,questrun,QuestRun
1412,radicalroachdeluxeedition,RADical ROACH Deluxe Edition
1413,racer8,Racer 8
1414,ravagedzombieapocalypse,Ravaged Zombie Apocalypse
1415,realmsofthehaunting,Realms of the Haunting
1416,receiver,Receiver
1417,relichunterszero,Relic Hunters Zero
1418,royalquest,Royal Quest
1419,rushbros,Rush Bros
1420,segabassfishing,SEGA Bass Fishing
1421,smite,SMITE
1422,superdistro,SUPER DISTRO
1423,screencheat,Screencheat
1424,shadowsonthevaticanactigreed,Shadows on the Vatican - Act I Greed
1425,skyborn,Skyborn
1426,smashball,Smashball
1427,sniperelitenazizombiearmy2,Sniper Elite Nazi Zombie Army 2
1428,sonicadventuredx,Sonic Adventure DX
1429,spacechannel5part2,Space Channel 5 Part 2
1430,spacehack,Space Hack
1431,steelsteamepisode1,Steel & Steam Episode 1
1432,superkillerhornetresurrection,Super Killer Hornet Resurrection
1433,superfroghd,Superfrog HD
1434,swipecart,Swipecart
1435,syberia,Syberia
1436,talismandigitaledition,Talisman Digital Edition
1437,talismanprologue,Talisman Prologue
1438,the39steps,The 39 Steps
1439,thecullingofthecows,The Culling Of The Cows
1440,thedarknessii,The Darkness II
1441,theincredibleadventuresofvanhelsingii,The Incredible Adventures of Van Helsing II
1442,titanattacks,Titan Attacks
1443,tokitori2,Toki Tori 2+
1444,twoworldsii,Two Worlds II
1445,urielschasm,Uriel's Chasm
1446,velvetassassin,Velvet Assassin
1447,verticaldropheroeshd,Vertical Drop Heroes HD
1448,villagersandheroes,Villagers and Heroes
1449,wanderlustrebirth,Wanderlust Rebirth
1450,weirdworldsreturntoinfinitespace,Weird Worlds Return to Infinite Space
1451,wickland,Wickland
1452,windofluckarena,Wind of Luck Arena
1453,woodletreeadventures,Woodle Tree Adventures
1454,wormscrazygolf,Worms Crazy Golf
1455,xblades,X-Blades
1456,youhavetowinthegame,You Have to Win the Game
1457,darkspore,Darkspore
1458,demigod,Demigod
1459,depressionquest,Depression Quest
1460,dungeonsdragonschroniclesofmystara,Dungeons & Dragons Chronicles of Mystara
1461,grid2gtrracingpack,GRID 2 GTR Racing Pack
1462,moonbasealpha,Moonbase Alpha
1463,thebannersagafactions,The Banner Saga Factions
1464,123kickitdropthatbeatlikeanuglybaby,1... 2... 3... KICK IT! (Drop That Beat Like an Ugly Baby)
1465,aaaaaaarecklessdisregardforgravity,AaAaAA!!! - A Reckless Disregard for Gravity
1466,beathazard,Beat Hazard
1467,dawnofdiscoveryvenice,Dawn of Discovery - Venice
1468,frontlinesfuelofwar,Frontlines Fuel of War
1469,hexenbeyondheretic,HeXen Beyond Heretic
1470,hexenii,HeXen II
1471,hereticshadowoftheserpentriders,Heretic Shadow of the Serpent Riders
1472,lunarflight,Lunar Flight
1473,quakeii,Quake II
1474,quakeiigroundzero,Quake II Ground Zero
1475,quakeiithereckoning,Quake II The Reckoning
1476,quakemissionpack1scourgeofarmagon,Quake Mission Pack 1 Scourge of Armagon
1477,quakemissionpack2dissolutionofeternity,Quake Mission Pack 2 Dissolution of Eternity
1478,sunlesssea,Sunless Sea
1479,thewonderfulendoftheworld,The Wonderful End of the World
1480,wolfenstein3d,Wolfenstein 3D
1481,fivenightsatfreddys2,Five Nights at Freddy's 2
1482,killingflooruncovered,Killing Floor Uncovered
1483,lifeisstrange,Life Is Strange
1484,soma,SOMA
1485,shovelknight,Shovel Knight
1486,speedball2hd,Speedball 2 HD
1487,aliensversuspredatorclassic2000,Aliens versus Predator Classic 2000
1488,analogueahatestory,Analogue A Hate Story
1489,bloodbowlchaosedition,Blood Bowl Chaos Edition
1490,brokensword2thesmokingmirrorremastered,Broken Sword 2 - the Smoking Mirror Remastered
1491,divinitydragoncommanderbeta,Divinity Dragon Commander Beta
1492,finalfantasyviii,FINAL FANTASY VIII
1493,jadeempirespecialedition,Jade Empire Special Edition
1494,kingarthursgold,King Arthur's Gold
1495,spacebasedf9,Spacebase DF-9
1496,gothamcityimpostors,Gotham City Impostors
1497,gothamcityimpostorsfreetoplay,Gotham City Impostors Free To Play
1498,anotherworld,Another World
1499,callofduty2,Call of Duty 2
1500,heroesofmightmagicv,Heroes of Might & Magic V
1501,residentevilbiohazardhdremaster,Resident Evil / biohazard HD REMASTER
1502,spacerun,Space Run
1503,steelocean,Steel Ocean
1504,wolfensteinthenewordergermanedition,Wolfenstein The New Order German Edition
1505,thesimstm3,The Sims(TM) 3
1506,postal2,POSTAL 2
1507,agarestgenerationsofwar,Agarest Generations of War
1508,carriercommandgaeamission,Carrier Command Gaea Mission
1509,eyedivinecybermancy,E.Y.E Divine Cybermancy
1510,fivenightsatfreddys,Five Nights at Freddy's
1511,grav,GRAV
1512,kingarthuriitheroleplayingwargame,King Arthur II - The Role-playing Wargame
1513,legendofdungeon,Legend of Dungeon
1514,longlivethequeen,Long Live The Queen
1515,medalofhonorairborne,Medal of Honor Airborne
1516,miasmata,Miasmata
1517,netherarena,Nether Arena
1518,paydaywolfpack,PAYDAY Wolf Pack
1519,retrocityrampagedx,Retro City Rampage DX
1520,rometotalwaralexander,Rome Total War - Alexander
1521,sengoku,Sengoku
1522,spiralknights,Spiral Knights
1523,marvelpuzzlequest,Marvel Puzzle Quest
1524,thewitcher3wildhuntexpansionpass,The Witcher 3 Wild Hunt - Expansion Pass
1525,warfortheoverworld,War for the Overworld
1526,audiosurf2,Audiosurf 2
1527,helldivers,HELLDIVERS
1528,residentevilrevelationsbiohazardrevelations,Resident Evil Revelations / Biohazard Revelations
1529,sacredgold,Sacred Gold
1530,infinitywarsanimatedtradingcardgame,Infinity Wars - Animated Trading Card Game
1531,oddworldnewntasty,Oddworld New 'n' Tasty
1532,huniepop,HuniePop
1533,puzzlequest,Puzzle Quest
1534,talesfromtheborderlands,Tales from the Borderlands
1535,pinballarcade,Pinball Arcade
1536,aaaaaaaaaaaaaaaaaaaaaaaaafortheawesome,AaaaaAAaaaAAAaaAAAAaAAAAA!!! for the Awesome
1537,bladesymphony,Blade Symphony
1538,citiesxl2011,Cities XL 2011
1539,dirtrally,DiRT Rally
1540,jacklumber,Jack Lumber
1541,minimum,Minimum
1542,offworldtradingcompany,Offworld Trading Company
1543,sidmeierscivilizationbeyondearthrisingtide,Sid Meier's Civilization Beyond Earth - Rising Tide
1544,splice,Splice
1545,starwarstheclonewarsrepublicheroes,Star Wars The Clone Wars Republic Heroes
1546,stealthbastarddeluxe,Stealth Bastard Deluxe
1547,tidalis,Tidalis
1548,wakingmars,Waking Mars
1549,agameofthronesgenesis,A Game of Thrones - Genesis
1550,dungeonsdragonsdaggerdale,Dungeons & Dragons Daggerdale
1551,everquestfreetoplay,EverQuest Free-to-Play
1552,everlastingsummer,Everlasting Summer
1553,startrekdac,Star Trek D-A-C
1554,swordofthestarsiienhancededition,Sword of the Stars II Enhanced Edition
1555,victorycommand,Victory Command
1556,x2thethreat,X2 The Threat
1557,loadoutcampaignbeta,Loadout Campaign Beta
1558,assassinscreedfreedomcry,Assassin's Creed Freedom Cry
1559,revolutionace,Revolution Ace
1560,strongholdcrusader2,Stronghold Crusader 2
1561,hospitaltycoon,Hospital Tycoon
1562,trainfever,Train Fever
1563,gearup,Gear Up
1564,minimetro,Mini Metro
1565,reassembly,Reassembly
1566,sourcefilmmaker,Source Filmmaker
1567,castlecrashersblacksmithpack,Castle Crashers - Blacksmith Pack
1568,hellyeah,Hell Yeah!
1569,orbitalgear,Orbital Gear
1570,poolnation,Pool Nation
1571,footballmanager2010,Football Manager 2010
1572,footballmanager2011,Football Manager 2011
1573,footballmanager2012,Football Manager 2012
1574,sakuraspirit,Sakura Spirit
1575,flatout,FlatOut
1576,strife,Strife
1578,dungeonsthedarklordsteamspecialedition,DUNGEONS - The Dark Lord (Steam Special Edition)
1579,silenthillhomecoming,Silent Hill Homecoming
1580,slenderthearrival,Slender The Arrival
1581,sniperelitenazizombiearmy,Sniper Elite Nazi Zombie Army
1582,szoneonline,sZone-Online
1583,thecatlady,The Cat Lady
1584,anno1404,Anno 1404
1585,blender276b,Blender 2.76b
1586,fableiii,Fable III
1587,fuse,Fuse
1588,oddworldabesexoddus,Oddworld Abe's Exoddus
1589,apbreloaded,APB Reloaded
1590,survarium,Survarium
1591,astoryaboutmyuncle,A Story About My Uncle
1592,abyssodyssey,Abyss Odyssey
1593,axisgamefactorysagfpro30,Axis Game Factory's AGFPRO 3.0
1594,blackguards2,Blackguards 2
1595,bladesoftime,Blades of Time
1596,cubemen,Cubemen
1597,deadcore,DeadCore
1598,deadpool,Deadpool
1599,dismalswampdlc,Dismal Swamp DLC
1600,gamecharacterhub,Game Character Hub
1601,gameguru,GameGuru
1602,hyperdimensionneptuniarebirth1,Hyperdimension Neptunia Re;Birth1
1603,limitededition,Limited Edition
1604,metalgearsolidlegacy,Metal Gear Solid Legacy
1605,nucleardawn,Nuclear Dawn
1606,rpgmakerroyaltilesresourcepack,RPG Maker Royal Tiles Resource Pack
1607,rpgmakertylerwarrenfirst50battlerpack,RPG Maker Tyler Warren First 50 Battler Pack
1608,rpgmakerxp,RPG Maker XP
1609,residentevilrevelations2biohazardrevelations2,Resident Evil Revelations 2 / Biohazard Revelations 2
1610,savantascent,Savant - Ascent
1611,strider,Strider
1612,sweetlilydreams,Sweet Lily Dreams
1613,thelostcrown,The Lost Crown
1614,vanguardprincess,Vanguard Princess
1615,residentevil4biohazard4,resident evil 4 / biohazard 4
1616,marchofwar,March of War
1617,sunridermaskofarcadius,Sunrider Mask of Arcadius
1618,toribash,Toribash
1619,aerena,Aerena
1620,beforetheecho,Before the Echo
1621,finalfantasyiii,FINAL FANTASY III
1622,footballmanager2016demo,Football Manager 2016 Demo
1623,lethalleague,Lethal League
1624,gemsofwar,Gems of War
1625,heroesofsoulcraft,Heroes of SoulCraft
1626,acecombatassaulthorizonenhancededition,ACE COMBAT ASSAULT HORIZON Enhanced Edition
1627,cakewalkloopmanager,Cakewalk Loop Manager
1628,deadrealm,Dead Realm
1629,fivenightsatfreddys4,Five Nights at Freddy's 4
1630,hauntedmemories,Haunted Memories
1631,keeptalkingandnobodyexplodes,Keep Talking and Nobody Explodes
1632,kentuckyroutezero,Kentucky Route Zero
1633,raymanorigins,Rayman Origins
1634,roadredemption,Road Redemption
1635,subnautica,Subnautica
1636,thekingoffightersxiiisteamedition,THE KING OF FIGHTERS XIII STEAM EDITION
1637,testdriveunlimited2,Test Drive Unlimited 2
1638,theelderscrollsonlinetamrielunlimited,The Elder Scrolls Online Tamriel Unlimited
1639,thefourkingscasinoandslots,The Four Kings Casino and Slots
1640,tonyhawksproskaterhd,Tony Hawk's Pro Skater HD
1641,tropico3absolutepower,Tropico 3 Absolute Power
1642,yetanotherzombiedefense,Yet Another Zombie Defense
1643,doubleactionboogaloo,Double Action Boogaloo
1644,menofwarassaultsquad2,Men of War Assault Squad 2
1645,thestompingland,The Stomping Land
1646,verdun,Verdun
1647,championsonline,Champions Online
1648,dungeonsdragonsonline,Dungeons & Dragons Online
1649,invisibleinc,"Invisible, Inc."
1650,navyfield2conqueroroftheocean,Navy Field 2  Conqueror of the Ocean
1651,starwolves3civilwar,Star Wolves 3 Civil War
1652,steammarines,Steam Marines
1653,strandeddeep,Stranded Deep
1654,fishingplanet,Fishing Planet
1655,wakfu,WAKFU
1656,faceofmankind,Face of Mankind
1657,vindictus,Vindictus
1658,evolvebehemoth,Evolve - Behemoth
1659,castlevanialordsofshadow2,Castlevania Lords of Shadow 2
1660,divekick,Divekick
1661,pennyarcadesontherainslickprecipiceofdarkness4,Penny Arcade's On the Rain-Slick Precipice of Darkness 4
1662,tribesascend,Tribes Ascend
1663,aftermath,Aftermath
1664,airmech,AirMech
1665,apotheonarena,Apotheon Arena
1666,blockade3d,BLOCKADE 3D
1667,backtodinosaurisland,Back to Dinosaur Island 
1668,battlenations,Battle Nations
1669,creativerse,Creativerse
1670,cronix,CroNix
1671,dethroned,Dethroned!
1672,endlesssky,Endless Sky
1673,evolutionrts,Evolution RTS
1674,infinitecrisis,Infinite Crisis
1675,mechwarrioronline,MechWarrior Online
1676,tacticalintervention,Tactical Intervention
1677,thesettlersonline,The Settlers Online
1678,totalwarbattleskingdom,Total War Battles KINGDOM
1679,aquanox,AquaNox
1680,aveyond32gatesofnight,Aveyond 3-2 Gates of Night
1681,baldursgateenhancededition,Baldur's Gate Enhanced Edition
1682,beyondgoodevil,Beyond Good & Evil
1683,bloodomen2legacyofkain,Blood Omen 2 Legacy of Kain
1684,eadormastersofthebrokenworld,Eador. Masters of the Broken World
1685,earth2150trilogy,Earth 2150 Trilogy
1686,gothic,Gothic
1687,gothic3,Gothic 3
1688,gothiciigoldedition,Gothic II Gold Edition
1689,halospartanassault,Halo Spartan Assault
1690,heroesofmightmagicvtribesoftheeast,Heroes of Might & Magic V Tribes of the East
1691,injusticegodsamongusultimateedition,Injustice Gods Among Us Ultimate Edition
1692,jaggedalliance2wildfire,Jagged Alliance 2 - Wildfire 
1693,legacyofkaindefiance,Legacy of Kain Defiance
1694,legacyofkainsoulreaver,Legacy of Kain Soul Reaver
1695,legacyofkainsoulreaver2,Legacy of Kain Soul Reaver 2
1696,neverwinternights2platinum,Neverwinter Nights 2 Platinum
1697,oddworldmunchsoddysee,Oddworld Munch's Oddysee
1698,oddworldstrangerswrathhd,Oddworld Stranger's Wrath HD
1699,princeofpersiatheforgottensands,Prince of Persia The Forgotten Sands
1700,princeofpersiathesandsoftime,Prince of Persia The Sands of Time
1701,princeofpersiathetwothrones,Prince of Persia The Two Thrones
1702,princeofpersiawarriorwithin,Prince of Persia Warrior Within
1703,risen3titanlords,Risen 3 - Titan Lords
1704,spellforce2demonsofthepast,SpellForce 2 - Demons of the Past
1705,streetracingsyndicate,Street Racing Syndicate
1706,thebookofunwrittentalesextras,The Book of Unwritten Tales Extras
1707,twoworlds2piratesoftheflyingfortress,Two Worlds 2 - Pirates of the Flying Fortress 
1708,colinmcraerally,Colin McRae Rally
1709,140,140
1710,lonesurvivorthedirectorscut,Lone Survivor The Director's Cut
1711,narutoshippudenultimateninjastorm3fullburst,NARUTO SHIPPUDEN Ultimate Ninja STORM 3 Full Burst
1712,secretsofrtikon,Secrets of Rtikon
1713,smallworld2,Small World 2
1714,thefall,The Fall
1715,arma2free,Arma 2 Free
1716,happywars,Happy Wars
1717,jaggedallianceonlinesteamedition,Jagged Alliance Online - Steam Edition
1718,alphaprime,Alpha Prime
1719,bloonstd5,Bloons TD5
1720,bridgeproject,Bridge Project
1721,citiesinmotion,Cities in Motion
1722,gumboycrazyfeatures,Gumboy Crazy Features
1723,interstellarmarines,Interstellar Marines
1724,jaggedalliancebackinaction,Jagged Alliance - Back in Action
1725,legobatman3beyondgotham,LEGO Batman 3 Beyond Gotham
1726,legobatmanthevideogame,LEGO Batman The Videogame
1727,legoharrypotteryears57,LEGO Harry Potter Years 5-7
1728,legothehobbit,LEGO The Hobbit
1729,larvamortus,Larva Mortus
1730,legoharrypotter,Lego Harry Potter
1731,omertacityofgangsters,Omerta - City of Gangsters
1732,penguinsarenasednasworld,Penguins Arena Sedna's World
1733,pixeljunkeden,PixelJunk Eden
1734,primalcarnage,Primal Carnage
1735,shootmanyrobots,Shoot Many Robots
1736,solar2,Solar 2
1737,spacetradermerchantmarine,Space Trader Merchant Marine
1738,syberia2,Syberia 2
1739,turbodismount,Turbo Dismount
1740,cossacksbacktowar,Cossacks Back to War
1741,dungeons2,Dungeons 2
1742,facerig,FaceRig
1743,mortalkombatlegacyep3johnnycage,Mortal Kombat Legacy - Ep. 3 Johnny Cage
1744,mortalkombatlegacyep6raiden,Mortal Kombat Legacy - Ep. 6 Raiden
1745,mortalkombatlegacyep9cyraxsektor,Mortal Kombat Legacy - Ep. 9 Cyrax & Sektor
1746,arcticcombat,Arctic Combat
1747,diggeronline,DiggerOnline
1748,lyne,LYNE
1749,metroconflict,Metro Conflict
1750,sakuraclicker,Sakura Clicker
1751,callofdutyblackopsiii,Call of Duty Black Ops III
1752,deadrising2offtherecord,Dead Rising 2 Off the Record
1753,edgeofspace,Edge of Space
1754,evoland,Evoland
1755,herstory,Her Story
1756,lightningreturnsfinalfantasyxiii,LIGHTNING RETURNS FINAL FANTASY XIII
1757,lamulana,La-Mulana
1758,mountain,Mountain
1759,needforspeedshift,Need for Speed SHIFT
1760,nihilumbra,Nihilumbra
1761,pixeljunkshooter,PixelJunk Shooter
1762,starmade,StarMade
1763,lisa,LISA
1764,portal2thefinalhours,Portal 2 - The Final Hours
1765,soniccd,Sonic CD
1766,abirdstory,A Bird Story
1767,contraptionmaker,Contraption Maker
1768,drawastickmanepic,Draw a Stickman EPIC
1769,fairybloomfreesia,Fairy Bloom Freesia
1770,galconlegends,Galcon Legends
1771,sonicadventure2,Sonic Adventure 2 
1772,symphony,Symphony
1773,thelegendofkorra,The Legend of Korra
1774,c9,C9
1775,easyanticheatesports,EasyAntiCheat eSports
1776,izombie,"I, Zombie"
1777,infestationsurvivorstories,Infestation Survivor Stories
1778,trine3theartifactsofpower,Trine 3 The Artifacts of Power
1779,freestyle2streetbasketball,FreeStyle2 Street Basketball
1780,aurakingdom,Aura Kingdom
1781,callofduty,Call of Duty
1782,thirtyflightsofloving,Thirty Flights of Loving
1783,dungeonparty,Dungeon Party
1784,echoes,Echoes+
1785,passingpineviewforest,Passing Pineview Forest
1786,theforgottenones,The Forgotten Ones
1787,velvetsundown,Velvet Sundown
1788,cubiccastles,Cubic Castles
1789,redcruciblefirestorm,Red Crucible Firestorm
1790,runandfire,Run and Fire
1791,uberstrike,UberStrike
1792,xam,Xam
1793,protogalaxy,ProtoGalaxy
1794,morphopolis,Morphopolis
1795,survivalpostapocalypsenow,Survival Postapocalypse Now
1796,crystalsoftime,Crystals of Time
1797,amongripples,Among Ripples
1798,ibomberdefensepacific,iBomber Defense Pacific
1799,majesty2collection,Majesty 2 Collection
1800,skillspecialforce2,S.K.I.L.L. - Special Force 2
1801,depth,Depth
1802,latale,La Tale
1803,ascendhandofkul,Ascend Hand of Kul
1804,atlanticaonline,Atlantica Online
1805,poxnora,Pox Nora
1806,sparkle2evo,Sparkle 2 Evo
1807,airlinetycoon2,Airline Tycoon 2
1808,alienrageunlimited,Alien Rage - Unlimited
1809,armatactics,Arma Tactics
1810,blockland,Blockland
1811,construct2free,Construct 2 Free
1812,darkesthouraheartsofirongame,Darkest Hour A Hearts of Iron Game
1813,deadbreed,Deadbreed
1814,disciplesiiireincarnation,Disciples III Reincarnation
1815,ednaharveythebreakout,Edna & Harvey The Breakout
1816,hacknslash,Hack 'n' Slash
1817,howtosurvivethirdperson,How To Survive Third Person
1818,imperiumromanumgoldedition,Imperium Romanum Gold Edition
1819,medievalengineers,Medieval Engineers
1820,pressured,Pressured
1821,sniperghostwarrior2,Sniper Ghost Warrior 2
1822,sniperghostwarrior2multiplayerexpansionpack,Sniper Ghost Warrior 2 Multiplayer Expansion Pack
1823,supersanctumtd,Super Sanctum TD
1824,thejourneydownchapterone,The Journey Down Chapter One
1825,tomclancyshawx2,Tom Clancy's H.A.W.X. 2
1826,twoworldsiicastledefense,Two Worlds II Castle Defense
1827,typerider,TypeRider
1828,urbantrialfreestyle,Urban Trial Freestyle
1829,wrc4fiaworldrallychampionship,WRC 4 FIA WORLD RALLY CHAMPIONSHIP
1830,castlecrasherspinkknightpack,Castle Crashers - Pink Knight Pack
1831,brickforce,Brick-Force
1832,chaosheroesonline,Chaos Heroes Online
1833,forkparkersholidayprofithike,Fork Parker's Holiday Profit Hike
1834,karos,Karos
1835,magicbarragebitferno,Magic Barrage - Bitferno
1836,spartansvszombiesdefense,Spartans Vs Zombies Defense
1837,schoolofdragonshowtotrainyourdragon,School of Dragons How to Train Your Dragon
1838,supercratebox,Super Crate Box
1839,victoriaii,Victoria II
1840,crusaderkingsiimilitaryordersunitpack,Crusader Kings II Military Orders Unit Pack
1841,marchoftheeagles,March of the Eagles
1842,elsword,Elsword
1843,grotesquetacticsevilheroes,Grotesque Tactics Evil Heroes
1844,kingsbountywarriorsofthenorth,King's Bounty Warriors of the North
1845,kingsbountylegions,Kings Bounty Legions
1846,reversiontheescape,Reversion - The Escape
1847,district187,District 187
1848,bleed,Bleed
1849,breachclear,Breach & Clear
1850,deadpixels,Dead Pixels
1851,fieldrunners,Fieldrunners
1852,thelegendofheroestrailsinthesky,The Legend of Heroes Trails in the Sky
1853,tomclancysrainbowsixsiege,Tom Clancy's Rainbow Six Siege
1854,trappeddead,Trapped Dead
1855,xbeyondthefrontier,X Beyond the Frontier
1856,xtension,X-Tension
1857,mortalonline,Mortal Online
1858,hurtworld,Hurtworld
1859,septerracore,Septerra Core
1860,trialsfusion,Trials Fusion
1861,visceracleanupdetail,Viscera Cleanup Detail
1862,visceracleanupdetailsantasrampage,Viscera Cleanup Detail Santa's Rampage
1863,defygravity,Defy Gravity
1864,disciplesiiiresurrection,Disciples III Resurrection
1865,epigenesis,Epigenesis
1866,notimetoexplainremastered,No Time To Explain Remastered
1867,phantombreakerbattlegrounds,Phantom Breaker Battle Grounds
1868,stccii,STCC II
1869,spirits,Spirits
1870,theplan,The Plan
1871,theretroexpansion,The Retro Expansion
1872,thewtcc2010pack,The WTCC 2010 Pack
1873,tomeimmortalarena,TOME Immortal Arena
1874,brilliantbob,Brilliant Bob
1875,cameraobscura,Camera Obscura
1876,dlcquest,DLC Quest
1877,eldritch,Eldritch
1878,galacticcivilizationsiultimateedition,Galactic Civilizations I Ultimate Edition
1879,glacier3themeltdown,Glacier 3 The Meltdown
1880,gogonipponmyfirsttriptojapan,Go! Go! Nippon! ~My First Trip to Japan~
1881,onlyif,Only If
1882,postal,POSTAL
1883,pinkheaven,Pink Heaven
1884,polarity,Polarity
1885,tempertantrum,Temper Tantrum
1886,thewayoflifefreeedition,The Way of Life Free Edition
1887,modularcombat,Modular Combat
1888,caster,Caster
1889,goldenrush,Golden Rush
1890,callofdutyunitedoffensive,Call of Duty United Offensive
1891,gunmetal,Gun Metal
1892,hotlinemiami2wrongnumberdigitalcomic,Hotline Miami 2 Wrong Number Digital Comic
1893,deadrising3,Dead Rising 3
1894,deadrising3dlc1,Dead Rising 3 DLC1
1895,deadrising3dlc2,Dead Rising 3 DLC2
1896,deadrising3dlc3,Dead Rising 3 DLC3
1897,deadrising3dlc4,Dead Rising 3 DLC4
1898,fightthedragon,Fight The Dragon
1899,minecraftstorymodeatelltalegamesseries,Minecraft Story Mode - A Telltale Games Series
1900,iambread,I am Bread
1901,codenamecure,Codename CURE
1902,deadeffect,Dead Effect
1903,gothic3forsakengodsenhancededition,Gothic 3 Forsaken Gods Enhanced Edition
1904,404sight,404Sight
1905,8bitmmo,8BitMMO
1906,batla,Batla
1907,boringmanonlinetacticalstickmancombat,Boring Man - Online Tactical Stickman Combat
1908,dragonsandtitans,Dragons and Titans
1909,gunsandrobots,Guns and Robots
1910,quintet,Quintet
1911,12laboursofhercules,12 Labours of Hercules
1912,goocubelets,GooCubelets
1913,escape,Escape
1914,cannonslasersrockets,Cannons Lasers Rockets
1915,dragomonhunter,Dragomon Hunter
1916,dragonsprophet,Dragon's Prophet
1917,fiestaonlinena,Fiesta Online NA
1918,grandchase,Grand Chase
1919,lostsaganorthamerica,Lost Saga North America
1920,mabinogi,Mabinogi
1921,microvoltssurge,MicroVolts Surge
1922,raiderz,RaiderZ
1923,smashmuckchampions,Smashmuck Champions
1924,teeworlds,Teeworlds
1925,unchartedwatersonlinegranatlas,Uncharted Waters Online Gran Atlas
1926,wildwarfare,Wild Warfare
1927,medievaltotalwargoldedition,MEDIEVAL Total War - Gold Edition
1928,dragonnesteurope,Dragon Nest Europe
1929,survivalist,Survivalist
1930,scribblenautsunmasked,Scribblenauts Unmasked
1931,gearcrackarena,GEARCRACK Arena
1932,saviors,Saviors
1933,whysoevil,Why So Evil
1934,crusaderkingsiihymnsofabraham,Crusader Kings II Hymns of Abraham
1935,nba2k9,NBA 2K9
1936,dynastywarriors8xtremelegendscompleteedition,DYNASTY WARRIORS 8 Xtreme Legends Complete Edition
1937,teenagemutantninjaturtlesoutoftheshadows,Teenage Mutant Ninja Turtles Out of the Shadows
1938,quantumrushonline,Quantum Rush Online
1939,rustyhearts,Rusty Hearts
1940,orderofwar,Order of War
1941,americasarmy3,America's Army 3
1942,assassinscreedunity,Assassins Creed Unity
1943,guncraft,Guncraft
1944,lifeisfeudalyourown,Life is Feudal Your Own
1945,paydaythewebseriesepisode1,PAYDAY The Web Series - Episode 1
1946,planetexplorers,Planet Explorers
1947,unturnedpermanentgoldupgrade,Unturned - Permanent Gold Upgrade
1948,ageofempiresonline,Age of Empires Online
1949,annoonline,Anno Online
1950,crimecraftgangwars,CrimeCraft GangWars
1951,lambdawarsbeta,Lambda Wars Beta
1952,disneyinfinity30playwithoutlimits,Disney Infinity 3.0 Play Without Limits
1953,eternalsenia,Eternal Senia
1954,eurofightertyphoon,Eurofighter Typhoon
1955,grimoiremanastorm,Grimoire Manastorm
1956,shadowwarriorclassic1997,Shadow Warrior Classic (1997)
1957,thefishfillets2,The Fish Fillets 2
1958,dragonspropheteu,Dragon's Prophet (EU)
1959,forsakenworld,Forsaken World 
1960,metalreaperonline,Metal Reaper Online
1961,lifelessplanet,Lifeless Planet
1962,castleminerz,CastleMiner Z
1963,transformice,Transformice
1964,ysorigin,Ys Origin
1965,callofjuarezthecartel,Call of Juarez The Cartel
1966,cossacksiibattleforeurope,Cossacks II Battle for Europe
1967,primeworld,Prime World
1968,ravenswordshadowlands,Ravensword Shadowlands
1969,sacred3,Sacred 3
1970,talesofzestiria,Tales of Zestiria
1971,galcon2,Galcon 2
1972,soccermanager2015,Soccer Manager 2015
1973,hatofulboyfriend,Hatoful Boyfriend
1974,spookyshouseofjumpscares,Spooky's House of Jump Scares
1975,disciplesiigalleansreturn,Disciples II Gallean's Return
1976,devguy,Dev Guy
1977,saintsrowgatoutofhell,Saints Row Gat out of Hell
1978,100orangejuice,100% Orange Juice
1979,sidmeiersstarships,Sid Meier's Starships
1980,piratesvikingsknightsii,"Pirates, Vikings, & Knights II"
1981,duckgame,Duck Game
1982,theguildgoldedition,The Guild Gold Edition
1983,ragnarok,Ragnarok
1984,moonbreakers,Moon Breakers
1985,nekoparavol0,NEKOPARA Vol. 0
1986,nekoparavol1,NEKOPARA Vol. 1
1987,gasguzzlersextreme,Gas Guzzlers Extreme
1988,frontlinetactics,Frontline Tactics
1989,professionalfarmer2014,Professional Farmer 2014
1990,ultimatetictactoe,Ultimate Tic-Tac-Toe
1991,sherlockholmescrimesandpunishments,Sherlock Holmes Crimes and Punishments
1992,unchartedwatersonline,Uncharted Waters Online
1993,poolnationfx,Pool Nation FX
1994,geometrydash,Geometry Dash
1995,dontstarveshipwrecked,Don't Starve Shipwrecked
1996,expeditionsconquistador,Expeditions Conquistador
1997,riseofvenice,Rise of Venice
1998,mightmagicheroesonline,Might & Magic Heroes Online
1999,allisdust,All Is Dust
2000,amazingworld,Amazing World
2001,anarchyarcade,Anarchy Arcade
2002,arcanesagaonline,Arcane Saga Online
2003,auditiononline,Audition Online
2004,battlebattalions,Battle Battalions
2005,battleislands,Battle Islands
2006,blackfire,Black Fire
2007,brawlbusters,Brawl Busters
2008,bulletrun,Bullet Run
2009,caesaria,CaesarIA
2010,cityofsteamarkadia,City of Steam Arkadia
2011,clownhousepalyaoevi,Clown House (Palyao Evi)
2012,colorsymphony,Color Symphony
2013,crusadersofthelostidols,Crusaders of the Lost Idols
2014,darkwindwaronwheels,Darkwind War on Wheels
2015,deepworld,Deepworld
2016,destinationsol,Destination Sol
2017,dogsofwaronlinebeta,Dogs of War Online - Beta
2018,dungeonfighteronline,Dungeon Fighter Online
2019,dwarfsf2p,Dwarfs F2P
2020,epicarena,Epic Arena
2021,esenthelengine,Esenthel Engine
2022,eternalfate,Eternal Fate
2023,famaze,Famaze
2024,fiestaonline,Fiesta Online
2025,footballsuperstars,Football Superstars
2026,getoffmylawn,Get Off My Lawn!
2027,gladiatorsonlinedeathbeforedishonor,Gladiators Online Death Before Dishonor
2028,gunscape,Gunscape
2029,hisheroesinthesky,HIS (Heroes In the Sky)
2030,hit,HIT
2031,homefrontdemo,HOMEFRONT Demo
2032,heroesofscene,Heroes of Scene
2033,jigokukisetsukansenseoftheseasons,Jigoku Kisetsukan Sense of the Seasons
2034,lostlandsahiddenobjectadventure,Lost Lands A Hidden Object Adventure
2035,metalslugdefense,METAL SLUG DEFENSE
2036,magicthegatheringtactics,Magic The Gathering  Tactics
2037,memoir44online,Memoir '44 Online
2038,missingtranslation,Missing Translation
2039,mitosisthegame,Mitos.is The Game
2040,mylands,My Lands
2041,onemangaday,One Manga Day
2042,pandorasagaweaponsofbalance,Pandora Saga Weapons of Balance
2043,puzzlepirates,Puzzle Pirates
2044,roseonline,ROSE Online
2045,rpgmo,RPG MO
2046,runningshadow,Running Shadow
2047,rustbucketrumble,Rustbucket Rumble
2048,saintsrowivinaugurationstation,Saints Row IV Inauguration Station
2049,sigilsofelohim,Sigils of Elohim
2050,soccermanager2016,Soccer Manager 2016
2051,soldierfront2,Soldier Front 2
2052,tdp4teambattle,TDP4Team Battle
2053,tdp5arena3d,TDP5 Arena 3D
2054,talesrunner,Tales Runner
2055,theoldtree,The Old Tree
2056,viridi,Viridi
2057,voicesfromthesea,Voices from the Sea
2058,warside,Warside
2059,worldofbattles,World of Battles
2060,worldofsocceronline,World of Soccer online
2061,howdoyoudoit,how do you Do It?
2062,thestaticspeaksmyname,the static speaks my name
2063,neoscavenger,NEO Scavenger
2064,cobitreasuredeluxe,Cobi Treasure Deluxe
2065,desertthunder,Desert Thunder
2066,lillyandsashacurseoftheimmortals,Lilly and Sasha Curse of the Immortals
2067,syderarcade,Syder Arcade
2068,12laboursofherculesiithecretanbull,12 Labours of Hercules II The Cretan Bull
2069,frankensteinmasterofdeath,Frankenstein Master of Death
2070,combatarms,Combat Arms
2071,murderminers,Murder Miners
2072,breakintozatwor,Break Into Zatwor
2073,whysoevil2dystopia,Why So Evil 2 Dystopia
2074,hatred,Hatred
2075,bloodytrapland,Bloody Trapland
2076,borealis,Borealis
2077,bosonx,Boson X
2078,despair,Despair
2079,greyfox,Greyfox
2080,jetgunner,Jet Gunner
2081,robotex,Robotex
2082,terraincognitachapteronethedescendant,Terra Incognita ~ Chapter One The Descendant
2083,thehowler,The Howler
2084,newkindofadventure,New kind of adventure
2085,legojurassicworld,LEGO Jurassic World
2086,footlolepicfailleague,FootLOL Epic Fail League
2087,narutoshippudenultimateninjastormrevolution,NARUTO SHIPPUDEN Ultimate Ninja STORM Revolution
2088,empyriongalacticsurvival,Empyrion - Galactic Survival
2089,terratech,TerraTech
2090,stonehearth,Stonehearth
2091,solsticearena,Solstice Arena
2092,particlemace,PARTICLE MACE
2093,60seconds,60 Seconds!
2094,fivenightsatfreddys3,Five Nights at Freddy's 3
2095,victimofxen,Victim of Xen
2096,piercingblow,Piercing Blow
2097,metalwaronlineretribution,Metal War Online Retribution
2098,genesisonline,Genesis Online
